#{"t_start": 1741757031.719667, "env_id": "None"}
r,l,t
65.0,2,1.233684
20.0,2,1.270005
20.0,2,1.274701
20.0,8,1.30174
20.0,6,1.317172
82.222222,6,1.333239
60.0,4,1.346988
60.0,6,1.36152
40.0,5,1.380075
80.0,6,1.454589
20.0,4,1.471738
20.0,2,1.475113
20.0,2,1.47834
20.0,2,1.481308
82.857143,5,1.488487
20.0,2,1.491584
20.0,2,1.495419
40.0,6,1.503119
40.0,4,1.509399
20.0,4,1.517064
40.0,5,1.525552
40.0,6,1.532916
40.0,5,1.539189
80.0,9,1.550927
20.0,2,1.553809
20.0,2,1.556701
20.0,6,1.56387
40.0,4,1.569423
147.0,9,1.582563
40.0,4,1.588608
85.0,5,1.595515
61.666667,4,1.600772
20.0,2,1.603725
20.0,2,1.606526
20.0,4,1.611614
61.666667,4,1.616809
40.0,4,1.622056
40.0,5,1.628977
20.0,2,1.631951
60.0,5,1.638356
40.0,8,1.648233
40.0,6,1.655564
60.0,7,1.664278
20.0,3,1.668404
64.0,4,1.673547
20.0,4,1.67895
40.0,8,1.688749
40.0,4,1.694101
20.0,2,1.69705
61.666667,4,1.702157
20.0,6,1.709883
20.0,5,1.7161
20.0,2,1.719157
20.0,2,1.721992
40.0,5,1.728008
20.0,8,1.737312
20.0,2,1.740179
20.0,2,1.742931
20.0,2,1.745675
40.0,5,1.751854
40.0,5,1.758282
60.0,6,1.765906
40.0,5,1.772172
62.5,3,1.776065
20.0,2,1.779003
20.0,2,1.782213
20.0,4,1.787534
105.0,5,1.794005
40.0,5,1.80018
84.0,4,1.805414
20.0,5,1.81151
82.857143,5,1.81768
40.0,6,1.825378
20.0,2,1.828577
61.666667,4,1.833706
20.0,2,1.836733
20.0,4,1.84195
20.0,2,1.845186
85.0,5,1.851551
40.0,6,1.858889
40.0,7,1.867209
40.0,6,1.875243
65.0,2,1.878448
62.5,3,1.88248
20.0,2,1.885471
60.0,9,1.896417
20.0,4,1.901376
40.0,5,1.907381
60.0,5,1.913575
20.0,2,1.916412
40.0,7,1.924704
60.0,8,1.934127
40.0,6,1.941578
105.714286,6,1.948945
60.0,6,1.956062
20.0,2,1.958858
85.714286,6,1.966125
40.0,4,1.971208
40.0,6,1.978439
20.0,6,1.985942
20.0,2,1.988937
60.0,6,1.9968
62.5,3,2.000924
20.0,2,2.00395
40.0,6,2.011263
62.5,3,2.015312
20.0,4,2.0203
20.0,2,2.023519
80.0,7,2.032004
40.0,4,2.037232
20.0,2,2.040123
20.0,4,2.045223
20.0,2,2.048046
20.0,2,2.050812
20.0,2,2.053592
20.0,7,2.06176
84.0,4,2.066956
20.0,2,2.069836
40.0,5,2.075955
60.0,5,2.082566
40.0,5,2.088981
65.0,2,2.091944
85.0,5,2.09827
60.0,5,2.104382
20.0,2,2.107049
20.0,2,2.109959
40.0,4,2.115014
20.0,2,2.117751
83.75,6,2.125038
61.666667,4,2.130109
20.0,2,2.132843
40.0,5,2.139053
20.0,2,2.142014
20.0,2,2.144924
20.0,2,2.147862
20.0,7,2.156437
60.0,9,2.166964
61.666667,4,2.171986
40.0,8,2.182321
60.0,8,2.192053
20.0,2,2.194857
62.5,3,2.198796
20.0,7,2.207092
20.0,2,2.209908
60.0,5,2.21611
20.0,2,2.218991
20.0,2,2.22182
20.0,2,2.224856
80.0,9,2.235458
20.0,2,2.238308
20.0,2,2.241079
40.0,4,2.246144
62.222222,6,2.253242
20.0,2,2.255976
20.0,2,2.259188
20.0,2,2.262005
20.0,2,2.264921
20.0,7,2.273025
20.0,4,2.277958
20.0,4,2.282958
20.0,4,2.287992
40.0,5,2.294196
20.0,6,2.30503
82.857143,5,2.311757
20.0,2,2.31468
105.714286,6,2.321943
40.0,6,2.329185
20.0,2,2.332013
61.666667,4,2.337672
20.0,4,2.34307
60.0,7,2.351844
20.0,2,2.354876
40.0,5,2.361468
20.0,8,2.372753
65.0,2,2.375692
40.0,6,2.383012
20.0,2,2.385813
20.0,2,2.38854
40.0,5,2.394579
20.0,2,2.397428
20.0,5,2.403512
40.0,5,2.409628
20.0,2,2.412381
40.0,5,2.418414
20.0,2,2.421317
65.0,2,2.424299
65.0,2,2.427131
65.0,2,2.43016
20.0,2,2.433033
20.0,2,2.435949
20.0,2,2.438617
40.0,7,2.44734
20.0,2,2.450176
61.666667,4,2.455228
20.0,2,2.458004
84.0,4,2.463092
20.0,3,2.466796
62.5,3,2.470809
40.0,5,2.476924
20.0,6,2.484033
20.0,2,2.486822
65.714286,6,2.494336
20.0,2,2.497124
105.0,5,2.503394
40.0,8,2.512937
20.0,3,2.516941
20.0,3,2.520665
62.5,3,2.524679
20.0,7,2.532785
125.714286,6,2.539964
60.0,6,2.547159
65.0,8,2.556438
40.0,6,2.563631
40.0,4,2.568614
20.0,2,2.571413
20.0,2,2.574193
20.0,2,2.576961
20.0,2,2.57969
62.5,3,2.58366
20.0,2,2.586497
20.0,2,2.589409
40.0,4,2.594468
62.5,3,2.598514
20.0,4,2.603391
107.0,9,2.613992
20.0,4,2.619012
40.0,5,2.625166
60.0,7,2.633505
20.0,2,2.636569
20.0,4,2.64201
40.0,4,2.647335
40.0,5,2.653695
84.0,4,2.65881
20.0,4,2.663814
40.0,9,2.674379
20.0,2,2.677289
65.0,2,2.680275
61.666667,4,2.685399
100.0,9,2.695988
40.0,5,2.702164
86.666667,3,2.760072
62.222222,6,2.767564
20.0,2,2.770493
40.0,6,2.777715
20.0,4,2.782806
40.0,4,2.787884
20.0,2,17.304675
40.0,4,17.309996
20.0,2,17.312942
20.0,8,17.322263
20.0,2,17.325125
80.0,9,17.33566
20.0,3,17.339417
82.857143,5,17.345512
20.0,2,17.348322
20.0,2,17.351172
86.666667,3,17.355234
20.0,2,17.358048
40.0,6,17.36557
40.0,8,17.375429
40.0,5,17.382063
20.0,4,17.387047
40.0,9,17.397688
40.0,4,17.403162
83.75,6,17.410816
20.0,2,17.41375
84.0,4,17.419017
40.0,6,17.42623
64.0,4,17.431343
80.0,6,17.438702
62.857143,5,17.444677
20.0,5,17.450778
40.0,4,17.455859
61.666667,4,17.460943
40.0,4,17.466162
20.0,2,17.468971
62.857143,5,17.47514
20.0,2,17.478019
60.0,7,17.486341
20.0,2,17.489413
40.0,6,17.496613
20.0,2,17.499776
20.0,2,17.50267
20.0,2,17.505546
60.0,6,17.51294
40.0,5,17.519574
65.0,2,17.522537
20.0,5,17.528681
125.714286,6,17.536299
40.0,5,17.542486
20.0,2,17.545307
40.0,4,17.551789
20.0,4,17.556953
20.0,2,17.55977
100.0,9,17.570577
40.0,5,17.57681
20.0,6,17.584151
20.0,2,17.587
40.0,5,17.593151
20.0,5,17.599076
20.0,2,17.601798
40.0,4,17.606831
106.25,7,17.615169
82.857143,5,17.621239
65.0,2,17.624016
60.0,9,17.634381
20.0,2,17.637253
40.0,6,17.644391
20.0,2,17.647114
20.0,2,17.649943
62.857143,5,17.65592
20.0,5,17.661898
85.714286,6,17.669299
85.0,8,17.678871
105.0,5,17.685074
20.0,2,17.6879
20.0,6,17.695113
20.0,2,17.698006
105.0,5,17.704191
65.0,2,17.707104
20.0,2,17.70996
20.0,6,17.717047
20.0,2,17.719814
82.857143,5,17.725871
20.0,2,17.728582
61.666667,4,17.733639
65.0,2,17.736508
20.0,2,17.739239
20.0,2,17.741965
20.0,4,17.746957
40.0,5,17.753063
40.0,6,17.760553
40.0,7,17.768931
84.0,4,17.774072
20.0,2,17.77686
40.0,4,17.781967
65.0,2,17.78488
40.0,6,17.792098
20.0,2,17.794967
40.0,5,17.801536
84.0,4,17.806719
61.666667,4,17.811909
105.0,5,17.818127
20.0,2,17.82096
20.0,2,17.823796
20.0,2,17.826534
60.0,6,17.833633
65.0,2,17.836541
40.0,5,17.842639
20.0,5,17.848877
62.5,3,17.852766
20.0,6,17.859981
20.0,2,17.862775
105.0,5,17.869073
82.857143,5,17.875327
61.666667,4,17.880503
20.0,4,17.885441
82.857143,5,17.891659
20.0,2,17.894457
20.0,4,17.899577
20.0,6,17.906881
20.0,2,17.90979
103.75,6,17.917288
20.0,2,17.920119
60.0,9,17.930762
20.0,2,17.933588
20.0,5,17.939754
20.0,2,17.942638
40.0,4,17.947619
60.0,8,17.957352
40.0,5,17.963499
40.0,5,17.969493
60.0,5,17.975742
20.0,2,17.978532
20.0,8,17.987965
20.0,6,17.995204
20.0,2,17.997992
60.0,5,18.004118
125.714286,6,18.011947
40.0,5,18.017902
40.0,5,18.023943
20.0,2,18.026654
20.0,4,18.031632
20.0,2,18.034454
60.0,6,18.041578
65.0,2,18.044475
20.0,2,18.047277
40.0,8,18.056548
40.0,4,18.061754
40.0,4,18.06691
20.0,2,18.069685
105.0,8,18.079209
20.0,2,18.081971
20.0,4,18.08702
20.0,2,18.089886
60.0,6,18.09716
40.0,5,18.103321
20.0,2,18.106327
62.857143,5,18.112477
20.0,5,18.118461
20.0,4,18.123512
60.0,6,18.130812
62.5,3,18.134592
82.857143,5,18.140732
40.0,4,18.145791
106.25,7,18.154049
60.0,6,18.161228
20.0,5,18.167127
20.0,2,18.169917
40.0,5,18.175858
20.0,4,18.180674
40.0,5,18.186904
20.0,2,18.189716
40.0,4,18.194816
20.0,9,18.205324
20.0,4,18.210336
20.0,2,18.213189
20.0,4,18.218144
40.0,5,18.224086
40.0,4,18.229123
100.0,8,18.2386
20.0,4,18.243553
20.0,5,18.249612
40.0,6,18.257206
20.0,2,18.259946
20.0,5,18.265969
20.0,7,18.27408
105.0,5,18.280386
40.0,5,18.286437
20.0,2,18.289413
20.0,2,18.292223
20.0,2,18.295096
20.0,2,18.297865
20.0,2,18.300682
65.0,2,18.303484
20.0,2,18.306302
20.0,2,18.308975
60.0,5,18.315163
40.0,4,18.321307
85.454545,9,18.331837
40.0,4,18.336944
40.0,8,18.346206
65.0,2,18.349156
20.0,2,18.35191
61.666667,4,18.356977
20.0,2,18.359797
40.0,4,18.364873
20.0,2,18.367686
20.0,2,18.370502
20.0,2,18.373266
20.0,2,18.376016
20.0,5,18.382074
20.0,4,18.387131
84.0,4,18.392223
62.5,3,18.396186
84.0,4,18.401248
61.666667,4,18.406387
20.0,4,18.4114
60.0,6,18.418894
65.0,2,18.421763
20.0,2,18.424676
62.5,3,18.428638
20.0,9,18.439155
40.0,6,18.446759
20.0,2,18.449631
61.666667,4,18.454712
40.0,4,18.459801
20.0,5,18.465672
84.0,4,18.470751
100.0,8,18.480146
65.0,2,18.483024
20.0,3,18.486964
20.0,2,18.489789
20.0,8,18.499598
20.0,2,18.502427
20.0,2,18.505246
20.0,2,18.508096
62.5,3,18.512193
61.666667,4,18.51731
60.0,5,18.523685
40.0,8,18.533187
20.0,2,18.581893
65.0,2,18.584879
125.454545,9,18.595474
20.0,4,18.600362
40.0,4,18.60537
40.0,5,18.611349
60.0,6,18.618715
60.0,5,18.624869
20.0,4,18.630221
84.0,4,18.63545
85.0,8,33.103151
20.0,2,33.106509
60.0,5,33.113102
40.0,5,33.119494
60.0,6,33.127424
40.0,8,33.136935
40.0,3,33.141132
20.0,2,33.144026
20.0,4,33.149127
65.0,2,33.151989
20.0,9,33.162697
20.0,2,33.165641
65.0,2,33.168554
20.0,2,33.171288
40.0,4,33.176577
82.222222,6,33.184094
40.0,4,33.189527
60.0,7,33.198128
60.0,6,33.205614
107.5,4,33.210992
65.0,2,33.214001
20.0,2,33.216997
20.0,7,33.225175
20.0,2,33.228274
61.666667,4,33.233476
20.0,2,33.236261
20.0,4,33.241305
64.0,4,33.24637
20.0,2,33.2492
20.0,5,33.255143
62.5,3,33.259194
61.666667,4,33.264401
20.0,6,33.271548
20.0,2,33.274375
62.5,3,33.278361
20.0,4,33.283374
84.0,4,33.288559
20.0,2,33.291462
20.0,2,33.294337
20.0,5,33.300418
40.0,6,33.307955
20.0,2,33.31094
20.0,4,33.316186
40.0,5,33.322579
103.75,6,33.330138
20.0,4,33.335301
40.0,5,33.341286
20.0,2,33.344133
20.0,2,33.346815
60.0,9,33.35721
20.0,2,33.359978
104.444444,7,33.368164
20.0,9,33.378615
40.0,5,33.385032
80.0,6,33.392121
40.0,6,33.399262
40.0,6,33.406652
20.0,2,33.409447
20.0,2,33.412303
40.0,5,33.418642
20.0,2,33.421589
40.0,5,33.427799
105.714286,6,33.435271
61.666667,4,33.440682
60.0,8,33.449987
84.0,4,33.455102
62.857143,5,33.461188
40.0,5,33.467191
20.0,6,33.474243
20.0,2,33.477385
20.0,4,33.482702
65.0,2,33.485726
62.5,3,33.48988
85.454545,9,33.50044
85.0,5,33.506469
20.0,9,33.517361
40.0,6,33.524858
40.0,4,33.53012
40.0,5,33.536542
84.0,4,33.541674
84.0,4,33.546814
40.0,4,33.551962
20.0,3,33.555897
20.0,2,33.558605
82.857143,5,33.564729
65.0,2,33.567631
100.0,9,33.578014
20.0,6,33.585202
20.0,2,33.588085
20.0,2,33.590931
65.0,2,33.593715
40.0,5,33.599859
20.0,2,33.602628
20.0,2,33.605489
62.5,3,33.609278
61.666667,4,33.614338
20.0,2,33.617196
65.0,2,33.619951
80.0,9,33.630498
20.0,2,33.633307
40.0,9,33.643819
20.0,2,33.646723
40.0,6,33.654187
84.0,4,33.659493
20.0,2,33.662505
60.0,7,33.670766
40.0,5,33.67682
20.0,2,33.679607
20.0,4,33.68455
40.0,5,33.690985
20.0,6,33.69809
20.0,2,33.700976
20.0,2,33.703827
65.0,2,33.706729
40.0,4,33.711784
20.0,4,33.71686
20.0,2,33.719622
86.666667,3,33.723713
62.5,3,33.72769
60.0,6,33.734926
20.0,5,33.740915
60.0,9,33.751541
20.0,4,33.756577
20.0,2,33.759431
40.0,5,33.76557
20.0,2,33.768438
62.5,3,33.772534
65.0,2,33.775444
40.0,6,33.785421
84.0,4,33.790822
60.0,9,33.801233
20.0,2,33.804091
20.0,2,33.806774
20.0,2,33.809665
20.0,2,33.812441
40.0,6,33.819589
20.0,2,33.822447
65.0,2,33.825245
20.0,2,33.828189
20.0,2,33.831026
62.5,3,33.834998
40.0,5,33.840952
40.0,4,33.846056
20.0,5,33.852113
20.0,2,33.85488
40.0,9,33.865231
20.0,2,33.868118
20.0,2,33.870771
60.0,6,33.877784
20.0,3,33.881715
20.0,2,33.884451
65.0,2,33.887381
20.0,5,33.893391
20.0,7,33.901555
40.0,5,33.907707
65.0,2,33.910635
85.714286,6,33.917781
20.0,2,33.920568
20.0,2,33.923344
40.0,4,33.928641
65.0,2,33.931329
60.0,8,33.940657
65.0,2,33.943561
20.0,2,33.946625
20.0,2,33.949311
20.0,2,33.952262
60.0,5,33.958312
20.0,2,33.960987
40.0,4,33.966111
84.0,4,33.971196
20.0,2,33.973998
20.0,2,33.977507
20.0,2,33.980332
20.0,2,33.983252
64.444444,7,33.991555
65.0,2,33.994582
20.0,6,34.002073
20.0,4,34.007374
20.0,5,34.013633
62.5,3,34.017611
20.0,2,34.020452
20.0,2,34.023235
40.0,9,34.033638
84.0,4,34.038944
40.0,8,34.048853
65.0,2,34.051799
20.0,2,34.054797
20.0,4,34.060016
20.0,2,34.062951
20.0,2,34.065871
40.0,4,34.071087
80.0,9,34.081719
65.0,2,34.084562
82.857143,5,34.090837
20.0,2,34.09363
20.0,2,34.096575
80.0,7,34.105029
61.666667,4,34.110152
85.0,5,34.116138
62.5,3,34.120105
65.0,2,34.122978
20.0,2,34.125868
20.0,2,34.128809
65.0,2,34.131723
65.0,2,34.134393
20.0,2,34.137165
62.5,3,34.141114
40.0,5,34.147167
20.0,2,34.149997
65.0,2,34.152759
20.0,2,34.15561
60.0,6,34.162795
20.0,2,34.166005
20.0,2,34.168885
64.444444,7,34.177092
40.0,7,34.185418
65.0,2,34.188392
20.0,2,34.191289
60.0,8,34.20057
60.0,5,34.206729
20.0,2,34.209599
40.0,5,34.215718
40.0,7,34.223935
60.0,5,34.230115
80.0,6,34.23721
105.0,5,34.243328
20.0,2,34.246146
60.0,7,34.254457
82.222222,6,34.262067
85.0,8,34.272627
20.0,2,34.275397
20.0,2,34.278215
62.5,3,34.282224
20.0,2,34.285085
60.0,5,34.291309
20.0,4,34.297328
65.0,2,34.300313
20.0,2,34.303224
62.857143,5,34.309471
40.0,4,34.314698
82.222222,6,34.343419
20.0,2,34.34646
80.0,8,34.356086
20.0,4,34.361004
20.0,2,34.363796
20.0,2,34.366704
84.0,4,34.37186
20.0,2,34.374723
20.0,6,34.381885
20.0,2,34.38479
20.0,2,34.387644
20.0,5,34.393722
60.0,6,34.400896
84.0,4,34.40601
20.0,4,34.411471
84.0,4,34.416641
40.0,4,34.421672
20.0,2,34.424353
82.857143,5,48.844812
40.0,7,48.853594
40.0,5,48.859806
60.0,7,48.868355
40.0,5,48.874683
20.0,2,48.87757
62.5,3,48.881573
20.0,2,48.884433
40.0,5,48.89057
20.0,2,48.893313
40.0,6,48.900502
20.0,2,48.903359
20.0,2,48.906205
84.0,4,48.91131
40.0,7,48.919513
20.0,2,48.92237
20.0,2,48.925232
40.0,4,48.930323
62.5,3,48.934668
65.0,2,48.937745
60.0,6,48.94495
40.0,6,48.952111
20.0,6,48.959706
20.0,2,48.962647
82.222222,6,48.969976
60.0,6,48.977317
64.0,4,48.98239
20.0,5,48.989338
40.0,5,48.99557
20.0,2,48.998437
20.0,2,49.001222
20.0,2,49.004115
60.0,9,49.014735
40.0,4,49.019853
105.714286,6,49.027117
84.0,4,49.03229
20.0,4,49.037524
166.666667,8,49.047328
60.0,4,49.052523
20.0,6,49.059714
20.0,2,49.062504
65.0,2,49.065311
40.0,5,49.071387
65.0,2,49.074219
65.0,2,49.077223
20.0,2,49.083444
20.0,2,49.086452
20.0,2,49.0893
61.666667,4,49.094404
60.0,8,49.103836
84.0,4,49.109045
20.0,2,49.111893
20.0,2,49.114733
20.0,2,49.118039
84.444444,7,49.12647
60.0,6,49.133704
64.0,4,49.138938
100.0,9,49.149549
40.0,5,49.155585
20.0,2,49.158403
84.0,4,49.163623
61.666667,4,49.168774
80.0,6,49.175954
40.0,5,49.181935
62.5,3,49.185937
84.0,4,49.191173
20.0,2,49.194012
20.0,5,49.200172
40.0,5,49.206345
60.0,6,49.214425
86.666667,3,49.218472
20.0,2,49.221276
60.0,7,49.229614
60.0,6,49.236898
20.0,2,49.239777
20.0,2,49.242692
20.0,2,49.245631
20.0,2,49.248569
65.0,2,49.251411
20.0,2,49.254199
105.0,8,49.263774
20.0,2,49.26665
20.0,5,49.272586
65.0,2,49.275486
61.666667,4,49.280497
84.0,4,49.285633
20.0,6,49.292701
20.0,2,49.295563
60.0,6,49.302672
61.666667,4,49.307901
65.714286,6,49.315118
20.0,2,49.318015
20.0,4,49.323031
62.857143,5,49.329152
20.0,2,49.331936
20.0,2,49.334685
60.0,6,49.341995
40.0,4,49.347239
20.0,2,49.35007
40.0,5,49.356154
20.0,2,49.359049
20.0,6,49.366544
65.0,2,49.36955
65.0,2,49.372465
20.0,4,49.377489
65.0,2,49.38037
20.0,4,49.385384
20.0,4,49.390417
40.0,8,49.399705
65.0,2,49.4027
62.857143,5,49.40881
20.0,2,49.411585
105.714286,6,49.419048
40.0,4,49.42415
20.0,2,49.427008
61.666667,4,49.432115
60.0,7,49.440381
20.0,5,49.446525
65.0,2,49.449294
20.0,2,49.452165
80.0,9,49.462709
65.714286,6,49.469919
20.0,2,49.472782
40.0,4,49.477802
40.0,5,49.4839
62.5,3,49.487927
40.0,6,49.495271
84.0,4,49.500343
40.0,6,49.5078
65.0,2,49.510672
20.0,2,49.513536
65.0,2,49.516461
86.666667,8,49.525916
65.0,2,49.528998
20.0,2,49.531911
60.0,6,49.539133
20.0,2,49.542048
20.0,2,49.544926
20.0,6,49.552131
40.0,5,49.558122
60.0,8,49.56768
65.0,2,49.570655
20.0,2,49.573474
40.0,5,49.579498
20.0,2,49.582324
84.0,4,49.587435
60.0,8,49.596797
61.666667,4,49.60187
20.0,2,49.604744
60.0,4,49.610094
84.0,4,49.615213
40.0,5,49.62139
40.0,9,49.631851
65.0,2,49.634766
62.5,3,49.638746
60.0,9,49.649236
20.0,2,49.652115
20.0,4,49.657275
40.0,5,49.6632
80.0,9,49.673682
20.0,2,49.676543
82.857143,5,49.682584
65.0,2,49.685378
20.0,2,49.688193
60.0,6,49.695353
65.0,2,49.69829
65.0,2,49.7012
40.0,6,49.708334
61.666667,4,49.713452
62.5,3,49.717464
20.0,5,49.723403
20.0,4,49.728458
40.0,4,49.73353
40.0,6,49.740672
20.0,2,49.7436
20.0,2,49.746335
20.0,5,49.752237
60.0,5,49.758358
20.0,9,49.768905
20.0,2,49.771611
20.0,2,49.774491
20.0,2,49.777273
20.0,4,49.782226
40.0,5,49.788273
60.0,5,49.794389
65.0,2,49.797212
40.0,6,49.804448
65.0,2,49.807458
40.0,4,49.812546
20.0,2,49.8154
40.0,6,49.82256
20.0,4,49.827482
40.0,8,49.836829
20.0,2,49.839916
84.0,4,49.844975
61.666667,4,49.850176
40.0,6,49.857965
40.0,4,49.863241
20.0,2,49.865921
20.0,2,49.868749
40.0,6,49.876235
20.0,2,49.879169
20.0,2,49.882015
40.0,9,49.892466
20.0,7,49.900675
20.0,2,49.903587
40.0,5,49.909761
60.0,6,49.916909
85.714286,6,49.924132
20.0,2,49.927028
20.0,2,49.929731
80.0,6,49.937094
20.0,5,49.943231
107.5,4,49.948357
40.0,5,49.954509
20.0,4,49.959426
65.0,2,49.962358
20.0,2,49.965201
40.0,5,49.971522
40.0,7,49.979807
20.0,2,49.982573
62.5,3,49.986626
40.0,4,49.991618
65.0,2,49.994482
40.0,5,50.000564
40.0,5,50.006793
85.0,8,50.01614
20.0,4,50.021188
62.5,3,50.067382
85.0,5,50.073579
40.0,5,50.079701
40.0,8,50.089485
124.444444,7,50.097836
40.0,5,50.103937
40.0,4,50.109294
61.666667,4,50.114477
20.0,2,50.117343
20.0,2,50.120076
20.0,4,50.125253
20.0,2,50.128253
84.0,4,50.133464
20.0,2,50.136339
65.0,2,50.139276
40.0,4,50.144319
40.0,4,50.149467
20.0,2,50.152257
84.0,4,50.157351
84.0,4,50.162446
40.0,5,50.168598
40.0,4,50.17373
40.0,6,50.181166
84.0,4,50.186457
20.0,2,64.470693
40.0,5,64.477447
20.0,2,64.48045
60.0,8,64.489985
40.0,5,64.496333
60.0,6,64.503597
86.666667,3,64.507453
40.0,4,64.512501
20.0,2,64.515395
60.0,7,64.524279
84.0,4,64.529643
20.0,2,64.532617
60.0,5,64.538971
80.0,7,64.547693
61.666667,4,64.552798
40.0,4,64.557779
65.0,2,64.560908
60.0,5,64.567427
65.0,2,64.570456
20.0,2,64.573244
20.0,2,64.576117
61.666667,4,64.581301
20.0,2,64.584048
20.0,4,64.589142
40.0,5,64.595155
82.857143,5,64.601364
128.75,8,64.610985
82.857143,5,64.617178
60.0,8,64.626758
20.0,2,64.629477
40.0,8,64.638808
82.222222,6,64.646264
40.0,5,64.652269
40.0,5,64.658469
60.0,6,64.665871
20.0,2,64.668762
61.666667,4,64.673927
20.0,2,64.676861
20.0,2,64.679745
84.0,4,64.68485
82.857143,5,64.691025
20.0,2,64.693896
20.0,2,64.696879
62.5,3,64.700956
80.0,7,64.709471
20.0,2,64.712347
40.0,7,64.720552
40.0,5,64.72667
61.666667,4,64.731886
62.857143,5,64.738042
20.0,2,64.740815
62.5,3,64.744834
60.0,5,64.751231
20.0,2,64.754107
65.0,2,64.757114
40.0,6,64.764306
20.0,5,64.770336
20.0,3,64.774329
105.714286,6,64.781455
65.0,2,64.784313
80.0,7,64.792909
20.0,7,64.801295
40.0,5,64.807661
61.666667,4,64.812881
60.0,8,64.822364
20.0,2,64.825195
107.5,4,64.830707
20.0,2,64.83373
40.0,6,64.841052
40.0,6,64.848071
65.0,2,64.85094
60.0,6,64.858107
20.0,4,64.863139
40.0,5,64.869232
64.0,4,64.874326
40.0,5,64.880566
60.0,7,64.88908
20.0,2,64.89227
80.0,9,64.902763
60.0,5,64.908929
20.0,2,64.911728
60.0,9,64.922369
20.0,4,64.927663
84.0,4,64.933043
65.0,2,64.936076
83.75,6,64.943566
40.0,5,64.949904
60.0,6,64.957421
60.0,6,64.96473
40.0,4,64.969852
20.0,2,64.972645
105.0,5,64.978798
40.0,5,64.984745
40.0,5,64.990866
20.0,4,64.99573
62.857143,5,65.001887
65.0,2,65.004834
20.0,4,65.009822
65.0,2,65.0126
20.0,2,65.015517
61.666667,4,65.020586
60.0,6,65.027834
60.0,5,65.03406
20.0,4,65.039304
40.0,8,65.048675
60.0,5,65.054763
20.0,6,65.062127
20.0,2,65.064992
40.0,4,65.07003
20.0,2,65.07279
20.0,2,65.075555
60.0,5,65.081671
20.0,2,65.084471
40.0,5,65.090778
20.0,2,65.093759
85.0,5,65.100044
65.0,2,65.102979
20.0,4,65.108044
65.0,2,65.110826
20.0,4,65.115778
82.222222,6,65.123044
60.0,6,65.130195
20.0,2,65.133005
20.0,2,65.136072
65.0,2,65.139278
20.0,2,65.142348
82.222222,6,65.149735
20.0,7,65.158128
20.0,2,65.160952
20.0,2,65.163799
20.0,2,65.166637
80.0,7,65.175152
20.0,2,65.178065
84.0,4,65.183334
20.0,4,65.18831
40.0,4,65.193296
80.0,9,65.204074
40.0,5,65.210317
40.0,8,65.219852
20.0,2,65.22276
60.0,5,65.229035
40.0,5,65.235182
20.0,2,65.238016
20.0,4,65.243177
40.0,5,65.24946
20.0,6,65.256554
60.0,6,65.263621
20.0,8,65.272833
65.0,2,65.275746
20.0,2,65.278402
62.5,3,65.282378
40.0,7,65.290588
61.666667,4,65.295774
40.0,5,65.301813
65.0,2,65.30467
62.857143,5,65.310582
61.666667,4,65.315714
40.0,5,65.321797
20.0,6,65.328953
80.0,6,65.336082
120.0,9,65.346773
105.714286,6,65.354481
65.0,2,65.35736
60.0,9,65.367935
60.0,5,65.373992
20.0,2,65.376951
20.0,2,65.379707
20.0,2,65.382644
60.0,8,65.392342
40.0,5,65.398416
20.0,2,65.401368
20.0,2,65.404302
20.0,4,65.409517
82.857143,5,65.415884
60.0,6,65.423096
60.0,5,65.429319
65.0,2,65.432178
60.0,6,65.439636
80.0,6,65.446848
82.857143,5,65.453143
40.0,8,65.462384
40.0,5,65.468855
20.0,2,65.471709
40.0,4,65.476849
60.0,5,65.4831
40.0,6,65.491115
61.666667,4,65.496297
20.0,6,65.503392
20.0,8,65.512667
20.0,2,65.515407
40.0,4,65.520493
20.0,2,65.52333
20.0,2,65.526168
40.0,5,65.5322
40.0,5,65.538333
20.0,4,65.543344
40.0,8,65.552632
80.0,6,65.560054
60.0,6,65.56752
20.0,2,65.570514
84.0,4,65.57561
40.0,5,65.581837
85.0,8,65.591559
61.666667,4,65.596613
80.0,7,65.605203
40.0,4,65.640132
82.857143,5,65.646566
60.0,5,65.652713
60.0,9,65.663487
85.454545,9,65.673992
20.0,2,65.676989
20.0,2,65.679752
40.0,6,65.687173
62.5,3,65.691241
62.5,3,65.695297
20.0,2,65.698141
40.0,5,65.70412
60.0,5,65.710422
124.444444,7,65.718996
62.222222,6,65.726405
80.0,6,65.733631
62.5,3,65.737597
61.666667,4,65.742648
65.0,2,65.745517
20.0,2,65.748364
20.0,2,65.751137
20.0,2,65.7539
20.0,7,65.76215
20.0,8,65.77154
65.0,2,65.774468
100.0,9,65.785005
65.454545,9,80.066623
20.0,5,80.07315
65.0,2,80.07599
20.0,2,80.078823
20.0,2,80.081587
80.0,6,80.08894
20.0,5,80.095309
60.0,7,80.103739
40.0,4,80.109133
65.0,2,80.112144
40.0,5,80.118292
65.0,2,80.121142
85.0,5,80.127306
60.0,7,80.135742
82.857143,5,80.142046
62.5,3,80.14646
84.0,4,80.151723
65.0,2,80.154561
40.0,4,80.159796
84.0,4,80.165018
20.0,2,80.168112
65.0,2,80.170969
20.0,2,80.173711
40.0,5,80.179915
20.0,2,80.182684
82.857143,5,80.189171
65.0,2,80.192101
60.0,9,80.202798
20.0,2,80.205649
40.0,5,80.211798
65.0,2,80.214792
80.0,7,80.223241
80.0,8,80.232713
40.0,4,80.237748
20.0,4,80.242793
65.0,2,80.24572
20.0,2,80.24864
40.0,8,80.258352
65.0,2,80.261303
84.444444,7,80.269695
20.0,2,80.272595
20.0,5,80.2787
60.0,6,80.285914
20.0,2,80.288705
20.0,2,80.291589
40.0,6,80.298602
60.0,6,80.305759
126.666667,8,80.315292
20.0,2,80.318035
60.0,6,80.325236
40.0,5,80.331334
40.0,5,80.337471
20.0,2,80.340226
65.0,2,80.34312
125.714286,6,80.350342
82.857143,5,80.356667
20.0,2,80.359471
20.0,2,80.362358
20.0,4,80.36734
20.0,4,80.37241
20.0,2,80.375343
20.0,4,80.380384
20.0,2,80.383271
65.0,2,80.386148
20.0,2,80.388877
20.0,2,80.391613
61.666667,4,80.396659
20.0,4,80.401501
20.0,6,80.408731
62.5,3,80.41303
20.0,2,80.415836
40.0,4,80.420885
62.5,3,80.424663
20.0,3,80.428701
60.0,8,80.438059
62.5,3,80.441827
62.5,3,80.445965
65.0,2,80.448867
62.222222,6,80.456114
60.0,6,80.463559
84.0,4,80.468751
20.0,2,80.47167
65.0,2,80.474539
61.666667,4,80.479624
40.0,5,80.485625
80.0,8,80.495015
105.0,8,80.504422
20.0,2,80.507283
80.0,6,80.514403
62.5,3,80.518219
60.0,7,80.526827
105.0,5,80.53299
40.0,6,80.540193
40.0,7,80.548427
83.0,7,80.556782
62.5,3,80.560974
40.0,5,80.567178
65.0,2,80.570166
60.0,7,80.578422
20.0,2,80.581342
84.0,4,80.586421
40.0,5,80.59239
120.0,9,80.60296
62.5,3,80.606734
40.0,5,80.612977
80.0,8,80.622551
103.75,6,80.629912
65.0,2,80.632866
20.0,2,80.635699
84.0,4,80.640706
80.0,7,80.649247
20.0,6,80.656483
40.0,8,80.668616
84.0,4,80.67414
61.666667,4,80.679149
65.0,2,80.682103
62.5,3,80.686225
20.0,4,80.691361
65.0,2,80.694194
40.0,5,80.700292
20.0,2,80.703189
20.0,2,80.706077
20.0,2,80.708893
61.666667,4,80.713969
62.857143,5,80.720089
20.0,2,80.722885
65.0,2,80.725688
62.5,3,80.729908
20.0,2,80.732706
20.0,2,80.735385
60.0,6,80.74248
84.0,4,80.747569
84.0,4,80.752669
60.0,6,80.759684
83.75,6,80.766998
40.0,5,80.773111
60.0,6,80.780288
40.0,4,80.785404
20.0,3,80.789398
62.5,3,80.793426
20.0,4,80.798603
20.0,6,80.805801
20.0,4,80.810895
40.0,5,80.816946
65.0,2,80.819886
60.0,4,80.824876
60.0,7,80.833185
62.857143,5,80.839299
40.0,4,80.844413
20.0,2,80.84726
105.0,8,80.856697
65.0,2,80.859528
82.222222,6,80.866915
84.0,4,80.872171
65.0,2,80.875086
20.0,2,80.877948
40.0,5,80.884254
65.0,2,80.88728
84.0,4,80.892644
40.0,4,80.897789
100.0,9,80.908522
20.0,2,80.911982
20.0,2,80.914848
20.0,2,80.917686
20.0,5,80.923688
20.0,2,80.926677
84.0,4,80.931761
64.0,4,80.936804
62.5,3,80.940638
60.0,8,80.95008
80.0,6,80.957303
65.0,2,80.960188
20.0,2,80.96302
20.0,4,80.968011
62.222222,6,80.975432
60.0,4,80.98054
40.0,4,80.98563
20.0,2,80.988526
20.0,2,80.991425
60.0,8,81.000758
40.0,4,81.005834
65.0,2,81.008713
84.0,4,81.013776
20.0,2,81.016716
65.0,2,81.019625
104.444444,7,81.027928
20.0,2,81.030916
20.0,6,81.038162
103.75,6,81.045547
20.0,2,81.048421
20.0,2,81.051274
40.0,6,81.058526
62.857143,5,81.064638
82.222222,6,81.072073
62.5,3,81.076083
62.5,3,81.079822
60.0,6,81.087081
40.0,5,81.093359
60.0,6,81.100384
61.666667,4,81.105452
20.0,2,81.108341
62.5,3,81.112403
20.0,2,81.115238
80.0,5,81.121446
20.0,2,81.124174
62.5,3,81.127942
20.0,2,81.130822
20.0,2,81.133724
80.0,6,81.141178
20.0,2,81.144093
40.0,8,81.154223
20.0,2,81.157054
20.0,4,81.162123
40.0,5,81.168505
20.0,2,81.171484
80.0,6,81.17895
20.0,5,81.225174
61.666667,4,81.230355
20.0,2,81.233266
40.0,5,81.239389
62.5,3,81.243441
65.454545,9,81.254015
20.0,2,81.256825
40.0,4,81.261919
62.5,3,81.266059
84.0,4,81.271191
20.0,2,81.273989
20.0,2,81.27677
65.0,2,81.279672
40.0,6,81.28709
20.0,2,81.289857
20.0,2,81.292707
20.0,2,81.295552
61.666667,4,81.300641
65.0,2,81.303551
20.0,4,81.30846
40.0,8,81.317769
65.0,2,81.320517
20.0,4,81.325503
84.0,4,81.330687
20.0,6,81.337814
60.0,5,81.343964
20.0,2,81.346841
84.0,4,81.352071
62.5,3,81.356079
84.0,4,81.36128
20.0,2,81.364116
65.0,2,81.367006
80.0,8,81.376865
40.0,5,81.3833
65.0,2,81.38653
20.0,2,81.389559
20.0,2,81.392559
60.0,6,81.400143
20.0,2,81.403142
65.0,2,81.40614
84.0,4,95.690556
20.0,2,95.693505
20.0,5,95.699563
145.0,8,95.709361
20.0,2,95.712251
20.0,2,95.715223
40.0,4,95.720412
62.5,3,95.724491
61.666667,4,95.72965
40.0,6,95.736981
40.0,4,95.741969
82.857143,5,95.748193
40.0,6,95.756264
60.0,7,95.764538
60.0,7,95.772847
61.666667,4,95.778209
20.0,2,95.781477
65.0,2,95.784465
60.0,6,95.791872
60.0,8,95.801505
20.0,2,95.804348
40.0,5,95.810455
40.0,5,95.816651
20.0,2,95.819472
20.0,2,95.822353
80.0,8,95.831905
40.0,5,95.838084
20.0,5,95.8443
60.0,6,95.851433
61.666667,4,95.856544
80.0,9,95.867317
20.0,2,95.870141
20.0,2,95.875028
62.5,3,95.879579
40.0,5,95.886147
20.0,4,95.891225
20.0,2,95.894007
60.0,9,95.904505
105.0,5,95.910601
40.0,5,95.916671
20.0,2,95.91943
62.5,3,95.923174
85.0,8,95.932506
20.0,4,95.937552
20.0,2,95.940406
40.0,5,95.946938
20.0,2,95.949764
20.0,4,95.954865
20.0,2,95.957795
20.0,2,95.960727
61.666667,4,95.965914
40.0,5,95.97201
84.0,4,95.97729
20.0,2,95.980165
65.0,2,95.983194
84.0,4,95.988567
60.0,6,95.995717
20.0,2,95.998576
82.857143,5,96.004818
61.666667,4,96.010063
65.0,2,96.012914
84.0,4,96.018071
20.0,4,96.023202
20.0,5,96.02938
105.0,5,96.035496
40.0,6,96.042757
20.0,8,96.052125
40.0,6,96.059249
60.0,6,96.06627
20.0,5,96.07234
40.0,5,96.07844
20.0,8,96.087821
20.0,2,96.09062
20.0,2,96.093391
85.0,5,96.099498
20.0,2,96.102402
65.0,2,96.10537
64.0,4,96.110609
20.0,5,96.116525
61.666667,4,96.121565
40.0,5,96.127655
40.0,4,96.132876
40.0,6,96.140057
60.0,4,96.145121
20.0,2,96.147972
62.5,3,96.151762
20.0,2,96.154624
105.0,8,96.164012
40.0,4,96.168916
20.0,2,96.171729
65.0,2,96.174707
60.0,5,96.180708
20.0,5,96.186589
20.0,2,96.189942
20.0,2,96.192726
61.666667,4,96.197703
65.0,2,96.200596
20.0,5,96.206553
61.666667,4,96.211893
20.0,2,96.214765
40.0,8,96.224161
60.0,9,96.234818
105.0,5,96.241015
40.0,4,96.246109
62.5,3,96.250263
65.0,2,96.25317
40.0,4,96.258228
61.666667,4,96.26327
80.0,9,96.273716
40.0,6,96.280885
20.0,2,96.283619
82.857143,5,96.289822
20.0,2,96.292606
20.0,2,96.295316
20.0,4,96.300355
20.0,2,96.303205
40.0,5,96.309228
84.0,4,96.314323
65.0,2,96.317229
20.0,2,96.320002
20.0,2,96.322735
20.0,4,96.327646
65.0,2,96.330447
65.454545,9,96.34077
65.0,2,96.343681
65.0,2,96.346563
20.0,2,96.349341
60.0,9,96.359923
20.0,2,96.362824
60.0,9,96.373516
60.0,6,96.38083
60.0,6,96.387969
20.0,4,96.392865
20.0,6,96.400064
20.0,2,96.402841
120.0,9,96.41349
65.0,2,96.416428
20.0,2,96.419181
84.0,4,96.424202
103.0,7,96.432492
60.0,6,96.440032
84.0,4,96.445094
62.5,3,96.449059
20.0,2,96.452028
20.0,2,96.454804
80.0,6,96.461867
40.0,5,96.467974
40.0,8,96.477251
65.0,2,96.480181
20.0,2,96.48296
80.0,9,96.493385
20.0,2,96.496334
40.0,5,96.5023
20.0,2,96.504983
65.0,2,96.507867
105.454545,9,96.518336
120.0,9,96.529903
20.0,2,96.532853
20.0,6,96.540291
20.0,2,96.543089
60.0,6,96.550308
20.0,2,96.553154
20.0,6,96.560197
40.0,5,96.566376
65.0,2,96.569262
65.0,2,96.572193
20.0,2,96.57501
82.222222,6,96.582378
61.666667,4,96.587432
65.0,2,96.590205
60.0,6,96.597373
40.0,5,96.603592
61.666667,4,96.608659
105.0,5,96.614654
20.0,2,96.617506
20.0,2,96.620373
20.0,2,96.623176
60.0,6,96.630471
20.0,3,96.634523
60.0,7,96.642882
20.0,2,96.645602
20.0,2,96.648484
61.666667,4,96.653566
20.0,2,96.656438
62.5,3,96.660501
125.714286,6,96.667762
20.0,6,96.674971
40.0,6,96.682454
20.0,2,96.68529
20.0,2,96.687952
20.0,4,96.69295
40.0,6,96.700406
65.0,2,96.703279
105.454545,9,96.714058
60.0,5,96.720258
84.444444,7,96.728787
40.0,5,96.735086
20.0,4,96.740106
84.0,4,96.745237
20.0,2,96.748032
20.0,2,96.750849
82.857143,5,96.757062
40.0,6,96.764432
20.0,2,96.767256
62.222222,6,96.802947
20.0,2,96.805751
62.5,3,96.80974
40.0,8,96.819373
82.857143,5,96.82559
62.5,3,96.829621
62.5,3,96.833643
61.666667,4,96.83872
20.0,2,96.84154
62.5,3,96.845535
127.0,9,96.856032
64.0,4,96.861092
60.0,4,96.866228
104.444444,7,96.874553
61.666667,4,96.879804
40.0,5,96.886095
40.0,5,96.894762
104.444444,7,96.903155
40.0,5,96.909344
40.0,5,96.915266
82.857143,5,96.921475
40.0,5,96.928064
61.666667,4,96.933103
82.222222,6,96.940296
65.0,2,96.943167
20.0,2,96.945955
20.0,2,96.948805
61.666667,4,96.953884
20.0,2,96.95671
20.0,2,96.959525
40.0,6,96.96672
65.0,2,96.969596
40.0,5,96.975522
62.5,3,96.979713
60.0,7,96.988231
125.714286,6,96.995945
107.5,4,97.001818
40.0,5,97.009083
40.0,5,111.415663
82.857143,5,111.422795
84.444444,7,111.431106
100.0,9,111.441766
62.5,3,111.44584
65.0,2,111.448876
20.0,2,111.451556
20.0,2,111.454399
86.666667,3,111.458462
20.0,2,111.46125
65.0,2,111.464025
20.0,2,111.466873
65.0,2,111.47007
40.0,8,111.479707
80.0,6,111.48751
20.0,2,111.490452
20.0,2,111.493278
20.0,2,111.496163
40.0,5,111.502316
20.0,2,111.505233
82.857143,5,111.511505
80.0,9,111.522125
65.0,2,111.525006
62.5,3,111.529075
62.5,3,111.53308
40.0,5,111.53921
60.0,6,111.546458
40.0,5,111.552491
20.0,2,111.555425
65.0,2,111.55841
20.0,3,111.562444
62.222222,6,111.569751
20.0,6,111.57728
65.0,2,111.580232
40.0,4,111.58547
20.0,2,111.588385
80.0,8,111.59785
20.0,2,111.600667
83.75,6,111.607826
20.0,2,111.610565
40.0,4,111.615667
40.0,4,111.62102
107.5,4,111.626185
80.0,8,111.635697
40.0,4,111.640683
60.0,5,111.64678
20.0,2,111.649668
20.0,2,111.652499
61.666667,4,111.657611
40.0,5,111.663867
20.0,2,111.666839
80.0,6,111.674267
60.0,5,111.680623
20.0,2,111.683447
80.0,9,111.694131
85.454545,9,111.704807
20.0,5,111.710939
65.0,2,111.713856
20.0,2,111.716777
40.0,4,111.721895
65.0,2,111.724896
20.0,2,111.727705
146.25,7,111.736257
20.0,2,111.739188
20.0,2,111.741994
60.0,6,111.749409
20.0,2,111.752248
20.0,4,111.757423
20.0,2,111.76034
100.0,9,111.771128
20.0,2,111.774078
20.0,2,111.777171
40.0,5,111.783373
20.0,2,111.78641
20.0,2,111.789278
60.0,8,111.798805
62.857143,5,111.804971
20.0,2,111.807879
40.0,5,111.813884
80.0,9,111.824413
62.5,3,111.828547
60.0,6,111.835815
20.0,2,111.838877
84.0,4,111.844154
84.0,4,111.849362
120.0,9,111.860011
61.666667,4,111.865088
61.666667,4,111.870573
20.0,2,111.873372
65.0,2,111.876174
65.0,2,111.879171
20.0,2,111.882026
82.857143,5,111.888222
20.0,2,111.891123
20.0,2,111.893982
20.0,2,111.896968
60.0,8,111.906597
82.222222,6,111.913966
40.0,5,111.920168
20.0,2,111.923083
20.0,2,111.925992
40.0,4,111.931219
40.0,6,111.938421
20.0,2,111.941221
65.0,2,111.944016
20.0,2,111.946778
65.0,2,111.94967
20.0,2,111.952439
20.0,4,111.957466
20.0,3,111.961398
20.0,2,111.964158
100.0,9,111.974728
84.0,4,111.979815
40.0,5,111.986184
20.0,6,111.993385
80.0,9,112.003964
82.222222,6,112.011202
60.0,4,112.016299
65.0,2,112.01912
20.0,4,112.024133
61.666667,4,112.029154
20.0,2,112.03208
80.0,9,112.042668
20.0,2,112.045521
20.0,2,112.04822
60.0,7,112.056539
62.5,3,112.060609
105.0,8,112.07001
60.0,6,112.077177
40.0,5,112.083418
20.0,5,112.089518
65.0,2,112.092509
83.75,6,112.099731
20.0,2,112.102573
20.0,2,112.105384
60.0,7,112.113654
100.0,9,112.124537
105.714286,6,112.131783
40.0,4,112.136987
61.666667,4,112.142123
20.0,2,112.145102
20.0,2,112.150592
82.857143,5,112.15703
84.0,4,112.162344
20.0,2,112.165191
40.0,5,112.17128
60.0,7,112.179637
82.857143,5,112.18583
20.0,3,112.190002
62.5,3,112.193763
60.0,6,112.200924
60.0,5,112.207299
65.0,2,112.210348
105.0,5,112.21672
124.444444,7,112.22531
20.0,2,112.228324
20.0,2,112.231227
60.0,5,112.237378
60.0,8,112.246985
65.0,2,112.249791
40.0,8,112.259208
20.0,2,112.262012
61.666667,4,112.267106
20.0,5,112.273115
20.0,2,112.27608
40.0,4,112.281337
82.222222,6,112.288864
62.5,3,112.292854
65.0,2,112.29581
20.0,4,112.300763
65.0,2,112.30371
82.857143,5,112.310001
65.0,2,112.312858
60.0,6,112.320134
80.0,9,112.330673
20.0,2,112.333534
40.0,4,112.33859
82.857143,5,112.344864
20.0,2,112.347734
124.444444,7,112.356197
20.0,2,112.359072
65.0,2,112.361934
60.0,9,112.372949
65.0,2,112.375875
20.0,2,112.378587
60.0,6,112.385801
103.75,6,112.39329
125.714286,6,112.400656
40.0,8,112.409978
62.5,3,112.414036
61.666667,4,112.419165
40.0,6,112.426371
61.666667,4,112.431424
60.0,4,112.436448
40.0,7,112.44459
20.0,2,112.447367
64.0,4,112.452498
60.0,7,112.460824
20.0,2,112.46367
84.0,4,112.46874
62.5,3,112.472795
84.0,4,112.502974
20.0,2,112.505807
65.0,2,112.50864
82.857143,5,112.514841
107.5,4,112.520068
20.0,2,112.523028
40.0,5,112.529253
62.5,3,112.533304
62.857143,5,112.539405
40.0,6,112.546791
20.0,2,112.549683
20.0,2,112.552488
82.857143,5,112.558655
82.222222,6,112.565867
62.5,3,112.569999
20.0,2,112.572791
20.0,2,112.575624
65.0,2,112.578413
61.666667,4,112.583423
61.666667,4,112.588557
20.0,2,112.591384
20.0,2,112.594215
84.0,4,112.599455
40.0,4,112.604549
20.0,2,112.607402
40.0,4,112.612854
62.5,3,112.616858
40.0,5,112.623781
40.0,4,112.628936
20.0,2,112.631762
20.0,2,112.634593
65.0,2,112.637479
40.0,5,112.643807
20.0,2,112.64655
61.666667,4,112.651786
20.0,2,112.654574
80.0,9,112.66502
20.0,2,112.667879
40.0,5,112.673973
60.0,8,112.683951
20.0,6,112.691519
61.666667,4,112.697259
20.0,2,112.700416
20.0,2,112.70344
65.0,2,112.706927
40.0,4,112.712314
40.0,5,112.718862
82.857143,5,112.725722
105.0,5,112.732147
40.0,4,112.737605
84.0,4,112.742981
20.0,3,112.747194
40.0,6,127.018446
20.0,2,127.021724
64.0,4,127.027033
61.666667,4,127.032319
60.0,8,127.042151
20.0,2,127.045103
40.0,4,127.050262
84.0,4,127.055509
40.0,5,127.061896
20.0,2,127.064859
20.0,2,127.067849
60.0,7,127.076371
20.0,2,127.079243
20.0,2,127.08221
82.857143,5,127.088614
20.0,2,127.091449
40.0,7,127.099969
65.0,2,127.102925
20.0,2,127.105838
106.666667,8,127.115748
20.0,4,127.12079
20.0,2,127.123641
84.444444,7,127.131891
40.0,8,127.141253
62.5,3,127.145535
60.0,6,127.152819
103.75,6,127.160523
62.222222,6,127.167823
40.0,5,127.173992
62.5,3,127.178013
62.5,3,127.182032
65.0,2,127.184971
62.857143,5,127.191119
62.5,3,127.195126
65.0,2,127.197938
84.0,4,127.203345
82.857143,5,127.20959
62.857143,5,127.215764
125.714286,6,127.223564
65.0,2,127.226585
65.0,2,127.229607
84.0,4,127.23475
20.0,2,127.237771
60.0,6,127.245099
40.0,4,127.250271
20.0,2,127.25316
84.0,4,127.258309
20.0,2,127.261124
84.0,4,127.266287
60.0,6,127.273597
20.0,2,127.276576
65.0,2,127.27932
84.0,4,127.284421
61.666667,4,127.289627
20.0,2,127.292373
60.0,9,127.302853
20.0,2,127.305696
80.0,6,127.3129
61.666667,4,127.318121
20.0,2,127.321021
20.0,2,127.323893
20.0,2,127.32677
60.0,6,127.334071
40.0,5,127.340218
20.0,2,127.343014
65.0,2,127.345797
20.0,2,127.348766
65.0,2,127.351739
60.0,8,127.361489
80.0,9,127.37595
20.0,2,127.378774
65.0,2,127.381619
65.0,2,127.384515
20.0,2,127.387318
65.0,2,127.390121
82.857143,5,127.396706
40.0,4,127.401758
20.0,5,127.40775
60.0,8,127.417224
65.0,2,127.420262
84.0,4,127.425337
40.0,7,127.433725
105.0,5,127.439863
60.0,7,127.448139
20.0,2,127.450991
65.0,2,127.453806
60.0,4,127.458846
62.5,3,127.462816
60.0,6,127.470058
105.0,5,127.476513
20.0,4,127.481566
103.75,6,127.488921
60.0,7,127.497355
20.0,2,127.500131
40.0,5,127.506322
20.0,4,127.511417
65.0,2,127.514322
65.0,2,127.517411
65.0,2,127.520382
60.0,7,127.52883
20.0,2,127.531644
82.857143,5,127.537963
62.5,3,127.542142
82.222222,6,127.549621
20.0,2,127.55252
20.0,2,127.5554
20.0,2,127.558261
20.0,6,127.565587
40.0,4,127.570829
20.0,2,127.573804
20.0,2,127.57679
82.857143,5,127.582957
61.666667,4,127.588088
62.5,3,127.592212
125.714286,6,127.59957
40.0,8,127.608903
20.0,2,127.611884
20.0,6,127.619254
84.0,4,127.624508
20.0,2,127.627422
125.714286,6,127.63477
62.5,3,127.638914
40.0,5,127.645491
62.5,3,127.649558
20.0,2,127.652424
20.0,2,127.655294
40.0,5,127.66153
40.0,7,127.669763
100.0,9,127.680378
20.0,7,127.688574
20.0,4,127.693643
20.0,2,127.696584
60.0,9,127.707271
40.0,5,127.713476
60.0,4,127.718697
61.666667,4,127.723842
40.0,5,127.730335
20.0,2,127.73319
20.0,2,127.736095
20.0,2,127.738806
100.0,9,127.74937
20.0,5,127.755379
20.0,2,127.758358
40.0,4,127.763253
20.0,2,127.766122
20.0,2,127.768881
40.0,5,127.774841
40.0,8,127.784481
20.0,2,127.787375
20.0,2,127.790314
60.0,6,127.797695
20.0,4,127.802827
20.0,2,127.805646
60.0,6,127.812939
60.0,5,127.819067
62.5,3,127.823051
40.0,5,127.829126
40.0,4,127.834288
40.0,6,127.841494
85.0,5,127.847475
60.0,6,127.855
40.0,8,127.864663
20.0,2,127.867619
80.0,9,127.878226
40.0,4,127.883125
84.0,4,127.88848
62.5,3,127.892977
40.0,5,127.899232
20.0,2,127.902154
40.0,5,127.908346
40.0,5,127.914531
103.75,6,127.922069
105.0,5,127.928136
40.0,7,127.93666
20.0,2,127.939541
20.0,2,127.942456
65.0,2,127.945374
20.0,2,127.948344
20.0,2,127.951162
65.0,2,127.953998
62.857143,5,127.96035
60.0,6,127.967742
20.0,6,127.975096
20.0,5,127.98113
65.0,2,127.983969
84.0,4,127.989076
40.0,5,127.995041
80.0,9,128.00559
65.0,2,128.008428
40.0,4,128.013379
40.0,8,128.022792
103.75,6,128.030014
20.0,2,128.032888
84.0,4,128.038226
105.0,5,128.044488
20.0,2,128.047272
84.0,4,128.085173
20.0,2,128.087941
20.0,2,128.090681
60.0,6,128.097983
20.0,2,128.100794
20.0,4,128.105711
61.666667,4,128.110853
60.0,8,128.120316
60.0,6,128.127629
65.0,2,128.130663
80.0,8,128.140712
40.0,4,128.145813
60.0,6,128.152965
61.666667,4,128.158185
40.0,5,128.164255
40.0,5,128.170348
62.5,3,128.174642
40.0,4,128.179889
82.857143,5,128.18626
40.0,5,128.192267
60.0,9,128.202685
40.0,5,128.20881
80.0,6,128.216235
40.0,5,128.222465
65.0,2,128.225459
65.0,2,128.228515
20.0,2,128.231406
40.0,5,128.23774
40.0,5,128.24402
20.0,2,128.246717
60.0,6,128.253932
40.0,6,128.262994
40.0,4,128.268541
20.0,5,128.275289
20.0,2,128.278553
40.0,4,128.285495
100.0,9,128.29722
60.0,7,128.306176
20.0,2,128.309565
20.0,2,128.313628
20.0,2,128.316921
20.0,4,128.322722
40.0,5,128.329277
60.0,8,128.339275
20.0,2,128.342293
40.0,9,128.35451
20.0,4,128.360113
62.5,3,128.364371
82.222222,6,142.605613
20.0,2,142.608496
40.0,7,142.617073
40.0,8,142.626549
65.0,2,142.629499
65.0,2,142.632396
124.444444,7,142.640774
20.0,2,142.643733
40.0,5,142.64991
60.0,6,142.657111
20.0,4,142.662196
20.0,2,142.664999
20.0,2,142.667937
65.0,2,142.670862
103.75,6,142.678442
82.222222,6,142.685754
60.0,5,142.691821
84.0,4,142.696916
65.0,2,142.700176
62.5,3,142.704185
20.0,2,142.707101
20.0,5,142.713303
62.5,3,142.717641
40.0,4,142.722776
40.0,8,142.732203
120.0,9,142.742898
20.0,5,142.748869
65.0,2,142.751746
40.0,5,142.757821
65.0,2,142.760751
103.0,7,142.769158
40.0,4,142.774311
65.0,2,142.777275
82.857143,5,142.783542
82.222222,6,142.790792
80.0,8,142.80063
61.666667,4,142.806066
100.0,8,142.815689
65.0,2,142.818569
84.444444,7,142.826962
20.0,2,142.829744
40.0,4,142.834879
40.0,4,142.839968
61.666667,4,142.84507
84.0,4,142.850152
20.0,2,142.852936
82.857143,5,142.859168
20.0,4,142.864027
61.666667,4,142.869075
61.666667,4,142.874072
65.0,2,142.877349
62.5,3,142.881096
60.0,6,142.888207
20.0,2,142.891055
65.0,2,142.893961
65.0,2,142.896851
20.0,2,142.899659
64.444444,7,142.908218
100.0,9,142.918961
125.714286,6,142.926466
61.666667,4,142.931535
20.0,2,142.934388
63.75,6,142.941485
20.0,2,142.944413
105.0,5,142.950603
20.0,2,142.953444
84.0,4,142.958526
82.857143,5,142.964672
82.857143,5,142.970827
103.75,6,142.978124
40.0,7,142.986504
80.0,6,142.993812
60.0,6,143.001146
20.0,2,143.004057
20.0,2,143.006797
60.0,7,143.015363
60.0,6,143.02262
61.666667,4,143.027732
60.0,5,143.033796
60.0,6,143.041072
40.0,5,143.047085
80.0,8,143.056571
82.222222,6,143.063929
40.0,5,143.069973
82.222222,6,143.077289
40.0,6,143.084447
60.0,6,143.091725
40.0,6,143.098761
100.0,9,143.109391
40.0,5,143.115686
65.0,2,143.11858
40.0,5,143.124536
20.0,2,143.127621
82.222222,6,143.135067
105.714286,6,143.142268
62.5,3,143.146321
20.0,4,143.15139
40.0,4,143.156403
40.0,6,143.163647
127.0,9,143.174131
82.857143,5,143.180337
82.857143,5,143.186358
20.0,2,143.189269
20.0,2,143.19205
82.857143,5,143.198241
85.454545,9,143.208684
20.0,2,143.211569
20.0,2,143.214349
40.0,6,143.221695
62.5,3,143.225467
20.0,2,143.228265
20.0,4,143.233384
65.0,2,143.236297
62.857143,5,143.24228
20.0,2,143.245053
40.0,5,143.251113
84.0,4,143.256255
60.0,7,143.264508
84.444444,7,143.272737
61.666667,4,143.277801
107.5,4,143.282907
40.0,5,143.288834
20.0,2,143.291596
103.75,6,143.298928
20.0,2,143.301687
20.0,2,143.30444
20.0,2,143.307218
40.0,5,143.313158
40.0,5,143.319401
20.0,2,143.322261
105.0,5,143.328279
60.0,7,143.336627
40.0,6,143.343789
65.0,2,143.346706
80.0,6,143.353831
80.0,8,143.363243
61.666667,4,143.368284
20.0,2,143.371197
82.857143,5,143.377832
62.857143,5,143.384054
20.0,5,143.390073
20.0,2,143.392905
20.0,2,143.395648
60.0,8,143.405005
40.0,6,143.412203
84.0,4,143.417267
84.0,4,143.422353
125.0,8,143.432076
125.714286,6,143.439423
40.0,4,143.44455
80.0,6,143.451653
20.0,4,143.456682
120.0,9,143.467274
62.5,3,143.471276
40.0,5,143.477319
20.0,2,143.480212
20.0,2,143.483009
20.0,2,143.485852
40.0,5,143.491811
20.0,2,143.494543
62.5,3,143.498534
20.0,2,143.501249
105.714286,6,143.508511
20.0,2,143.511336
20.0,2,143.514272
62.5,3,143.518238
84.444444,7,143.526649
85.0,5,143.532627
62.222222,6,143.539726
82.222222,6,143.549125
65.0,2,143.552061
62.5,3,143.556036
40.0,4,143.561278
82.222222,6,143.56852
20.0,4,143.573439
60.0,6,143.58069
85.0,5,143.620111
20.0,2,143.622856
20.0,2,143.625644
61.666667,4,143.630886
60.0,6,143.715634
40.0,4,143.720758
65.0,2,143.72365
80.0,9,143.734317
20.0,5,143.740376
82.222222,6,143.747527
40.0,4,143.752516
20.0,2,143.755366
40.0,5,143.76144
20.0,2,143.76421
61.666667,4,143.769212
20.0,2,143.771909
62.5,3,143.775911
125.454545,9,143.786317
20.0,2,143.789135
40.0,6,143.797174
20.0,2,143.800141
60.0,6,143.807853
20.0,7,143.816573
60.0,5,143.82321
84.0,4,143.828968
65.0,2,143.83233
82.857143,5,143.839119
20.0,2,143.84267
65.0,2,143.845739
82.222222,6,143.853683
20.0,2,143.856889
82.857143,5,143.863933
65.454545,9,143.875992
84.0,4,143.881688
20.0,2,143.885414
20.0,6,143.893159
40.0,5,143.900208
20.0,2,143.903169
65.0,2,143.906204
60.0,7,143.914973
80.0,9,143.926072
40.0,5,143.932535
20.0,2,143.935564
62.5,3,143.939563
82.857143,5,143.945692
60.0,8,143.95508
62.5,3,143.958867
20.0,2,143.961679
65.0,2,143.964493
125.714286,6,143.972342
65.0,2,143.975504
20.0,2,143.978388
20.0,2,143.981123
40.0,4,143.986142
86.666667,3,143.989963
84.0,4,143.995042
20.0,2,143.997852
61.666667,4,144.002866
40.0,6,158.17968
65.0,2,158.183286
126.25,7,158.191733
62.5,3,158.196034
103.75,6,158.203544
65.0,2,158.206512
60.0,8,158.21636
20.0,2,158.219319
20.0,4,158.224417
62.5,3,158.228458
20.0,2,158.231368
65.0,2,158.234273
65.0,2,158.2371
65.0,2,158.239899
80.0,9,158.250399
20.0,2,158.253303
60.0,5,158.259438
84.0,4,158.264564
80.0,6,158.272052
100.0,9,158.28283
20.0,2,158.285801
82.857143,5,158.292218
40.0,8,158.30181
40.0,4,158.306932
60.0,4,158.312282
80.0,5,158.318496
104.444444,7,158.326746
20.0,2,158.329572
61.666667,4,158.33466
40.0,5,158.3407
20.0,2,158.343477
61.666667,4,158.348529
82.857143,5,158.3547
40.0,6,158.361953
40.0,4,158.366883
20.0,2,158.369727
40.0,5,158.37587
20.0,2,158.378566
61.666667,4,158.383652
40.0,5,158.389785
60.0,6,158.397493
20.0,2,158.400248
65.0,2,158.402966
61.666667,4,158.408016
20.0,6,158.415102
20.0,2,158.417972
84.0,4,158.423038
84.0,4,158.428127
62.5,3,158.432143
62.5,3,158.436114
62.5,3,158.440084
62.5,3,158.444039
40.0,5,158.450383
20.0,2,158.453188
40.0,4,158.458361
20.0,2,158.461309
20.0,2,158.46425
60.0,6,158.471677
40.0,8,158.48123
62.5,3,158.485039
61.666667,4,158.490129
40.0,5,158.496177
65.0,2,158.499187
60.0,8,158.508599
40.0,4,158.513716
61.666667,4,158.518757
40.0,4,158.523747
65.0,2,158.526556
60.0,8,158.53588
20.0,2,158.538748
60.0,8,158.54813
60.0,8,158.557764
62.222222,6,158.565091
20.0,2,158.567985
20.0,2,158.570768
62.5,3,158.574894
40.0,5,158.580958
20.0,2,158.583799
84.0,4,158.589051
40.0,6,158.596295
65.0,2,158.59922
20.0,2,158.602008
40.0,4,158.607348
20.0,2,158.610272
61.666667,4,158.615479
40.0,4,158.620624
40.0,6,158.627915
20.0,2,158.63077
60.0,8,158.640501
62.5,3,158.644327
20.0,2,158.647106
40.0,5,158.653156
62.5,3,158.657176
105.0,5,158.663203
65.0,2,158.666015
60.0,6,158.673006
84.0,4,158.678149
80.0,7,158.686714
20.0,2,158.689561
20.0,2,158.69257
105.714286,6,158.699849
65.0,2,158.702745
60.0,8,158.712487
84.0,4,158.717747
20.0,2,158.720536
65.0,2,158.7234
61.666667,4,158.728556
20.0,2,158.731388
65.0,2,158.734256
60.0,7,158.74288
62.5,3,158.746953
61.666667,4,158.752121
146.25,7,158.760817
60.0,7,158.769063
60.0,4,158.774235
20.0,2,158.77704
20.0,2,158.779895
65.0,2,158.782823
20.0,2,158.785676
20.0,2,158.788529
62.5,3,158.792337
40.0,4,158.79747
82.222222,6,158.804706
105.0,5,158.81413
20.0,2,158.816996
125.714286,6,158.82435
105.714286,6,158.831747
20.0,2,158.834559
80.0,6,158.842037
20.0,2,158.844814
84.0,4,158.849969
40.0,4,158.855038
40.0,5,158.861292
20.0,5,158.867413
60.0,8,158.876988
62.5,3,158.881057
20.0,2,158.884226
20.0,2,158.887154
60.0,5,158.893505
20.0,6,158.90087
20.0,2,158.90366
20.0,2,158.906673
103.75,6,158.914064
60.0,7,158.922519
65.0,2,158.925518
62.857143,5,158.931862
40.0,5,158.937999
65.0,2,158.940863
20.0,2,158.943694
20.0,4,158.948741
20.0,2,158.951524
40.0,6,158.958801
40.0,5,158.964891
20.0,2,158.967865
20.0,2,158.970785
20.0,2,158.973531
62.5,3,158.977517
65.0,2,158.98028
40.0,4,158.985543
80.0,9,158.996195
20.0,2,158.99904
40.0,5,159.005237
80.0,9,159.015997
107.5,4,159.02118
20.0,2,159.02429
20.0,2,159.027153
20.0,4,159.032142
40.0,4,159.037318
20.0,2,159.040255
40.0,6,159.047628
40.0,5,159.053911
20.0,2,159.056838
124.444444,7,159.065417
60.0,6,159.07284
62.5,3,159.077071
20.0,2,159.079946
20.0,4,159.084823
105.0,8,159.094316
20.0,4,159.099377
61.666667,4,159.104412
20.0,5,159.110435
105.0,5,159.116869
40.0,5,159.122871
60.0,5,159.129367
61.666667,4,159.134411
60.0,6,159.141447
65.0,2,159.144436
20.0,4,159.149438
80.0,6,159.178449
65.0,2,159.181263
62.5,3,159.18535
40.0,6,159.192628
65.0,2,159.19545
20.0,5,159.201594
20.0,2,159.204383
62.5,3,159.208419
65.0,2,159.211373
40.0,5,159.217691
20.0,2,159.220662
20.0,2,159.22356
40.0,5,159.229898
65.0,2,159.232987
40.0,6,159.240375
40.0,8,159.24999
40.0,6,159.258077
20.0,2,159.260937
20.0,2,159.263603
40.0,5,159.269678
40.0,5,159.275759
60.0,6,159.28292
125.714286,6,159.290345
103.75,6,159.297681
65.0,2,159.300603
20.0,2,159.303453
20.0,2,159.306226
84.0,4,159.311275
20.0,2,159.314101
40.0,5,159.320373
65.0,2,159.323197
40.0,4,159.328305
40.0,6,159.33549
62.5,3,159.339244
40.0,5,159.345482
105.0,8,159.355232
105.0,8,159.365583
20.0,2,159.368932
82.222222,6,159.377222
60.0,4,159.382903
61.666667,4,159.388339
65.0,2,159.39213
20.0,2,159.395475
40.0,6,159.403536
40.0,8,159.414012
100.0,9,159.425932
20.0,2,159.428963
62.5,3,159.433572
40.0,6,159.44113
40.0,9,159.452573
65.0,2,159.455672
20.0,2,159.458496
60.0,6,159.466143
65.0,2,159.469114
80.0,6,159.47654
65.0,2,159.479461
64.0,4,159.484708
20.0,2,159.48766
20.0,2,159.490456
62.5,3,159.494518
40.0,5,159.500615
65.0,2,159.503482
40.0,5,159.509683
65.0,2,159.512597
40.0,5,159.51868
20.0,2,173.859732
20.0,2,173.863039
40.0,4,173.868469
20.0,2,173.871417
65.0,2,173.874267
61.666667,4,173.879426
62.857143,5,173.885691
40.0,5,173.891844
80.0,8,173.901834
65.0,2,173.904872
20.0,6,173.91209
20.0,2,173.91503
60.0,7,173.923411
80.0,6,173.930623
20.0,2,173.933506
60.0,8,173.942987
105.0,5,173.94914
65.0,2,173.951939
65.0,2,173.954845
20.0,4,173.959866
65.0,2,173.962705
82.857143,5,173.968824
40.0,4,173.973941
100.0,9,173.984619
61.666667,4,173.990826
20.0,4,173.995992
20.0,2,173.999044
61.666667,4,174.004201
62.5,3,174.008223
65.0,2,174.011226
20.0,2,174.014096
61.666667,4,174.019209
40.0,5,174.025375
20.0,2,174.02821
20.0,8,174.037598
103.0,7,174.047026
63.75,6,174.054702
40.0,6,174.06242
40.0,5,174.068669
125.714286,6,174.075946
40.0,5,174.08211
83.0,7,174.090424
65.0,2,174.093514
40.0,7,174.10203
40.0,8,174.111432
40.0,4,174.116366
40.0,5,174.122714
106.666667,8,174.132275
65.0,2,174.135095
82.222222,6,174.142404
40.0,5,174.148607
104.444444,7,174.157005
60.0,8,174.166673
82.857143,5,174.172699
20.0,2,174.175591
20.0,2,174.178329
20.0,2,174.181042
60.0,6,174.188098
60.0,8,174.197557
61.666667,4,174.20276
20.0,4,174.208117
60.0,6,174.215503
105.0,5,174.221665
65.0,2,174.224435
20.0,2,174.227284
20.0,2,174.230133
62.5,3,174.234183
62.5,3,174.238267
61.666667,4,174.243745
60.0,6,174.250835
100.0,9,174.261328
60.0,7,174.269727
20.0,2,174.27267
84.0,4,174.277742
84.0,4,174.282877
103.75,6,174.290125
40.0,4,174.295123
20.0,2,174.29802
62.857143,5,174.304092
106.666667,8,174.313714
60.0,6,174.320901
65.0,2,174.323603
65.0,2,174.326522
20.0,4,174.331476
40.0,6,174.338707
40.0,4,174.343743
65.0,2,174.346786
20.0,2,174.349685
103.75,6,174.35746
82.857143,5,174.363629
61.666667,4,174.368744
84.0,4,174.373763
20.0,5,174.379821
62.5,3,174.383797
20.0,2,174.386637
20.0,2,174.389381
20.0,2,174.392298
82.857143,5,174.39843
65.0,2,174.401223
40.0,5,174.407268
61.666667,4,174.412506
40.0,5,174.418676
61.666667,4,174.42392
40.0,4,174.429039
40.0,6,174.43627
20.0,5,174.442482
100.0,9,174.453149
20.0,2,174.456007
20.0,4,174.461037
60.0,9,174.47165
60.0,7,174.480037
20.0,2,174.483029
20.0,5,174.489051
60.0,6,174.496721
20.0,2,174.499594
83.75,6,174.506969
20.0,2,174.509832
20.0,3,174.513936
80.0,6,174.521048
20.0,2,174.523791
65.0,2,174.52669
65.0,2,174.529622
64.0,4,174.534698
20.0,2,174.53754
20.0,2,174.540246
105.714286,6,174.547382
60.0,7,174.555655
60.0,6,174.562983
40.0,5,174.569186
65.0,2,174.572051
20.0,2,174.574944
40.0,8,174.584638
20.0,2,174.587629
107.5,4,174.592832
20.0,2,174.595793
40.0,8,174.605157
20.0,5,174.611269
20.0,2,174.614074
65.0,2,174.617105
105.0,5,174.623203
20.0,4,174.628293
60.0,8,174.63804
40.0,8,174.647513
20.0,7,174.655741
60.0,6,174.662963
20.0,2,174.665845
20.0,2,174.668738
61.666667,4,174.673943
20.0,2,174.676967
61.666667,4,174.682099
20.0,2,174.684847
40.0,5,174.690965
20.0,4,174.696012
40.0,6,174.703194
20.0,2,174.706072
20.0,2,174.708934
62.5,3,174.712913
20.0,2,174.715768
61.666667,4,174.720863
65.0,2,174.723907
40.0,5,174.730028
40.0,5,174.736686
105.0,5,174.743005
105.714286,6,174.750282
60.0,7,174.758638
104.444444,7,174.767065
84.0,4,174.772343
61.666667,4,174.777406
62.5,3,174.781186
83.75,6,174.788357
40.0,5,174.837205
20.0,2,174.84009
20.0,2,174.842898
20.0,2,174.845836
20.0,2,174.848727
20.0,2,174.851604
20.0,2,174.854539
125.454545,9,174.865333
20.0,2,174.868294
20.0,2,174.871281
65.0,2,174.874218
61.666667,4,174.879368
65.0,2,174.882129
20.0,2,174.884978
40.0,4,174.890077
64.0,4,174.895152
60.0,7,174.903456
20.0,2,174.906257
20.0,2,174.9091
65.0,2,174.911941
20.0,2,174.914647
82.222222,6,174.921834
20.0,2,174.92454
40.0,7,174.933175
84.0,4,174.938403
100.0,9,174.949014
20.0,4,174.954077
40.0,5,174.960302
60.0,5,174.966374
40.0,4,174.971368
40.0,4,174.976753
62.222222,6,174.983883
40.0,6,174.990982
60.0,7,174.999609
65.0,2,175.002476
20.0,4,175.007766
20.0,2,175.01085
80.0,6,175.018811
60.0,9,175.029977
65.0,2,175.033465
82.222222,6,175.041579
20.0,3,175.045816
125.0,8,175.056309
84.0,4,175.065029
20.0,2,175.068218
20.0,2,175.071272
82.857143,5,175.078341
124.444444,7,175.087517
20.0,2,175.091079
40.0,5,175.097919
65.0,2,175.100978
20.0,2,175.103831
61.666667,4,175.109123
62.5,3,175.113291
62.222222,6,175.12054
40.0,4,175.125554
40.0,5,175.131808
20.0,2,175.135089
20.0,2,175.138171
20.0,2,175.14102
60.0,6,175.148442
62.222222,6,175.155782
40.0,5,175.161892
20.0,2,175.164907
60.0,6,175.172417
80.0,8,175.181999
60.0,8,175.191613
60.0,9,175.202189
103.0,7,189.556461
20.0,2,189.559398
62.5,3,189.56325
60.0,6,189.570552
65.0,2,189.573463
61.666667,4,189.578564
60.0,8,189.588409
60.0,6,189.595759
65.0,2,189.598678
40.0,5,189.604858
62.5,3,189.608636
82.857143,5,189.614754
60.0,8,189.624159
60.0,8,189.633519
40.0,5,189.639569
20.0,2,189.642377
60.0,6,189.64963
80.0,9,189.660525
40.0,5,189.666939
40.0,7,189.67529
60.0,8,189.685065
65.0,2,189.688074
80.0,6,189.695587
85.0,5,189.701874
20.0,2,189.704698
65.0,2,189.707725
120.0,9,189.718534
65.0,2,189.721403
80.0,9,189.73209
40.0,4,189.737454
20.0,2,189.740404
61.666667,4,189.745553
62.5,3,189.749457
20.0,3,189.753241
20.0,2,189.75607
40.0,5,189.762175
20.0,5,189.768185
20.0,4,189.773268
83.75,6,189.780464
20.0,2,189.783371
20.0,5,189.789611
60.0,8,189.799131
100.0,9,189.809893
84.0,4,189.815122
80.0,8,189.824617
40.0,4,189.829675
65.0,2,189.832497
62.5,3,189.83663
60.0,5,189.842729
40.0,6,189.849848
65.0,2,189.852705
20.0,6,189.860237
103.75,6,189.868319
65.0,2,189.871138
61.666667,4,189.87606
20.0,2,189.878953
84.0,4,189.884025
84.0,4,189.889348
20.0,2,189.892225
40.0,4,189.897671
82.222222,6,189.904984
20.0,4,189.910005
40.0,5,189.916185
40.0,6,189.923335
80.0,9,189.933877
40.0,9,189.944288
20.0,2,189.94705
40.0,4,189.95211
20.0,2,189.954933
20.0,2,189.957744
20.0,2,189.960648
62.857143,5,189.966773
20.0,5,189.973829
40.0,4,189.978864
84.0,4,189.984072
40.0,7,189.99253
20.0,4,189.997462
100.0,9,190.008194
20.0,2,190.011098
20.0,2,190.013888
40.0,8,190.023597
60.0,6,190.030968
61.666667,4,190.036093
60.0,8,190.045551
65.0,2,190.048432
40.0,5,190.054506
65.0,2,190.057398
60.0,6,190.06445
80.0,7,190.072741
40.0,4,190.077822
65.0,2,190.080755
20.0,2,190.083549
20.0,2,190.086444
20.0,4,190.091539
124.444444,7,190.100095
65.0,2,190.103029
20.0,2,190.1062
62.5,3,190.110221
20.0,2,190.113177
20.0,2,190.116012
100.0,9,190.126669
40.0,8,190.136249
20.0,2,190.139205
65.0,2,190.142143
61.666667,4,190.147239
62.222222,6,190.154718
40.0,7,190.163075
40.0,4,190.168121
60.0,6,190.175569
20.0,2,190.178485
20.0,2,190.181398
65.0,2,190.18433
60.0,6,190.191725
60.0,8,190.201245
105.0,5,190.207315
20.0,2,190.210091
65.0,2,190.212859
61.666667,4,190.218002
82.222222,6,190.225322
40.0,4,190.230246
83.0,7,190.240629
100.0,8,190.251397
82.222222,6,190.258715
103.75,6,190.26601
20.0,2,190.268891
62.857143,5,190.274891
20.0,2,190.2777
65.0,2,190.280506
65.0,2,190.283307
62.5,3,190.287341
82.857143,5,190.293483
65.0,2,190.296226
62.857143,5,190.302543
20.0,4,190.307564
82.222222,6,190.314718
62.5,3,190.318799
20.0,6,190.325874
63.0,7,190.334039
82.857143,5,190.340263
20.0,4,190.345127
20.0,2,190.347913
62.5,3,190.35188
40.0,4,190.357289
20.0,2,190.360136
40.0,5,190.366243
65.0,2,190.369164
80.0,9,190.379683
20.0,2,190.38246
40.0,4,190.387406
20.0,2,190.390213
40.0,4,190.395234
65.0,2,190.39823
80.0,6,190.405553
40.0,5,190.411641
20.0,4,190.416617
65.0,2,190.419426
82.857143,5,190.425639
20.0,4,190.430656
60.0,4,190.4358
65.0,2,190.438768
20.0,2,190.441578
60.0,6,190.448968
61.666667,4,190.454052
65.0,2,190.481746
62.857143,5,190.487752
20.0,2,190.490528
60.0,5,190.496807
20.0,2,190.499693
20.0,2,190.502925
40.0,7,190.511376
82.222222,6,190.518754
20.0,2,190.521653
61.666667,4,190.526819
20.0,2,190.529548
60.0,5,190.535742
84.0,4,190.540958
20.0,2,190.543808
40.0,4,190.548837
62.857143,5,190.554941
125.714286,6,190.562138
100.0,8,190.571538
20.0,5,190.57759
61.666667,4,190.582613
100.0,9,190.593139
20.0,2,190.596221
65.0,2,190.599158
40.0,4,190.604086
60.0,8,190.613789
20.0,2,190.616601
40.0,6,190.623708
40.0,5,190.629824
65.0,2,190.633248
40.0,7,190.642143
61.666667,4,190.647381
20.0,2,190.650187
40.0,4,190.655266
20.0,2,190.658084
65.0,2,190.661113
20.0,5,190.667869
20.0,4,190.67342
82.857143,5,190.680063
40.0,5,190.686404
60.0,8,190.696644
61.666667,4,190.702138
65.0,2,190.705254
60.0,8,190.715263
20.0,2,190.718231
84.0,4,190.723814
40.0,4,190.729246
20.0,2,190.732361
20.0,4,190.737866
80.0,8,190.748348
80.0,6,190.756102
65.0,2,190.7593
20.0,2,190.76229
105.0,8,190.772443
40.0,6,190.779893
40.0,4,190.785067
61.666667,4,190.790231
85.454545,9,190.800802
60.0,6,190.808146
65.0,2,190.81091
84.0,4,190.81629
20.0,2,190.819215
62.5,3,190.823331
40.0,6,190.830546
65.0,2,190.833331
20.0,2,190.836052
20.0,2,190.839036
40.0,4,190.84409
20.0,2,190.846971
65.0,2,190.84994
60.0,6,190.857594
40.0,4,190.863544
61.666667,4,190.868759
20.0,2,190.871571
60.0,6,190.879448
60.0,6,205.126152
65.0,2,205.129113
20.0,2,205.132059
105.0,5,205.138353
20.0,2,205.141302
65.0,2,205.144426
60.0,6,205.151821
60.0,6,205.159141
82.857143,5,205.165231
40.0,6,205.172379
80.0,8,205.182531
40.0,7,205.19104
20.0,2,205.193935
65.0,2,205.196849
40.0,6,205.20423
20.0,2,205.207109
40.0,6,205.214393
126.25,7,205.222962
65.0,2,205.225972
40.0,5,205.232382
82.222222,6,205.239808
65.0,2,205.242714
20.0,3,205.246523
20.0,2,205.249394
20.0,4,205.25444
40.0,6,205.262204
82.857143,5,205.268493
40.0,5,205.274687
20.0,2,205.277694
80.0,8,205.287202
60.0,6,205.294453
80.0,6,205.301786
20.0,2,205.304525
40.0,5,205.310649
20.0,2,205.313573
20.0,2,205.316436
20.0,4,205.321328
105.0,5,205.327379
62.222222,6,205.334536
80.0,9,205.345467
80.0,6,205.352706
40.0,5,205.358826
82.222222,6,205.366113
20.0,2,205.368998
60.0,8,205.378354
20.0,2,205.381369
60.0,5,205.387423
20.0,2,205.390174
20.0,2,205.392971
60.0,4,205.398118
61.666667,4,205.403609
85.714286,6,205.410884
103.0,7,205.420959
83.75,6,205.42825
40.0,5,205.434435
40.0,4,205.439503
40.0,6,205.446723
60.0,8,205.456242
40.0,5,205.462444
82.857143,5,205.468621
60.0,6,205.475968
20.0,2,205.47891
65.0,2,205.481925
61.666667,4,205.487261
40.0,4,205.492341
65.0,2,205.495149
20.0,2,205.497899
65.0,2,205.500793
60.0,6,205.508034
84.0,4,205.513155
20.0,2,205.516166
65.0,2,205.519079
20.0,2,205.521917
40.0,5,205.527936
40.0,6,205.535169
62.5,3,205.539159
20.0,2,205.542107
60.0,5,205.54823
20.0,2,205.550959
60.0,6,205.558129
40.0,5,205.56417
84.0,4,205.5693
20.0,2,205.572146
20.0,2,205.574893
20.0,2,205.577743
82.857143,5,205.583945
62.5,3,205.58868
84.0,4,205.593892
40.0,4,205.599015
20.0,2,205.602001
80.0,6,205.609356
40.0,5,205.615535
40.0,5,205.62174
61.666667,4,205.627023
40.0,4,205.632175
20.0,2,205.6351
60.0,8,205.644531
40.0,5,205.650656
62.5,3,205.654628
82.857143,5,205.660805
20.0,2,205.663637
40.0,5,205.669887
82.857143,5,205.676299
62.5,3,205.680372
20.0,4,205.685355
85.454545,9,205.696109
20.0,4,205.701139
65.0,2,205.70403
61.666667,4,205.709295
40.0,5,205.715576
20.0,2,205.718633
105.714286,6,205.726221
40.0,5,205.732455
103.75,6,205.739777
20.0,2,205.742548
65.0,2,205.745598
82.857143,5,205.751848
40.0,8,205.761433
84.0,4,205.766554
65.0,2,205.769436
62.5,3,205.77357
20.0,2,205.776446
65.0,2,205.7792
40.0,5,205.785394
20.0,2,205.788346
61.666667,4,205.79347
82.222222,6,205.800962
60.0,6,205.808268
65.0,2,205.811127
20.0,2,205.814037
65.0,2,205.816998
40.0,5,205.82301
82.857143,5,205.82919
40.0,4,205.83464
20.0,5,205.84077
84.0,4,205.845985
20.0,2,205.848914
20.0,2,205.851767
20.0,2,205.854609
103.75,6,205.861847
40.0,5,205.867789
20.0,2,205.870486
60.0,8,205.879875
20.0,2,205.882748
65.0,2,205.885691
20.0,2,205.888396
20.0,2,205.891255
20.0,2,205.894073
60.0,7,205.902504
103.75,6,205.909984
40.0,5,205.916081
20.0,2,205.918948
82.857143,5,205.925105
20.0,2,205.928029
84.0,4,205.933128
40.0,5,205.939319
65.0,2,205.942148
84.0,4,205.947322
20.0,2,205.95014
40.0,5,205.956412
20.0,2,205.959211
20.0,5,205.965284
103.0,7,205.973864
65.0,2,205.976862
20.0,2,205.979726
20.0,2,205.982565
65.0,2,205.985266
20.0,2,205.987983
83.0,7,205.996313
62.5,3,206.000106
20.0,2,206.002993
82.857143,5,206.034753
20.0,2,206.037467
80.0,9,206.048227
124.444444,7,206.056668
80.0,6,206.063927
85.714286,6,206.071632
125.714286,6,206.07906
20.0,2,206.081945
82.857143,5,206.088449
100.0,9,206.099224
40.0,4,206.104502
61.666667,4,206.109629
65.0,2,206.112563
62.5,3,206.11634
40.0,5,206.122631
61.666667,4,206.127848
100.0,9,206.13861
80.0,6,206.145902
40.0,7,206.154187
60.0,6,206.161536
84.0,4,206.16663
40.0,8,206.176049
62.5,3,206.180262
20.0,2,206.183119
65.0,2,206.185965
65.0,2,206.18891
125.714286,6,206.196355
62.5,3,206.200418
40.0,7,206.209592
20.0,2,206.212566
62.5,3,206.217267
40.0,5,206.2238
82.857143,5,206.230894
20.0,2,206.233765
20.0,2,206.237008
40.0,5,206.244047
80.0,9,206.256366
40.0,5,206.263488
60.0,8,206.27437
40.0,6,206.28223
20.0,2,206.28537
20.0,4,206.290839
62.5,3,206.295174
20.0,2,206.298388
84.0,4,206.304432
20.0,2,206.307354
20.0,6,206.314865
145.0,8,206.32491
62.5,3,206.329081
40.0,5,206.335851
65.0,2,206.338848
40.0,8,206.348273
65.0,2,206.351194
20.0,5,206.357223
100.0,8,206.366706
65.0,2,206.369454
80.0,7,206.377833
65.0,2,206.380731
80.0,9,206.391473
60.0,8,206.400934
20.0,2,206.40377
40.0,4,206.408901
40.0,5,206.415642
84.0,4,206.422839
20.0,2,206.425989
82.857143,5,206.432117
65.0,2,206.434935
20.0,4,206.439934
62.5,3,206.444325
20.0,2,206.447328
40.0,4,206.452399
20.0,2,206.455207
80.0,9,206.46579
60.0,7,220.830817
60.0,8,220.840794
65.0,2,220.84385
65.0,2,220.846849
82.857143,5,220.853267
20.0,2,220.856186
65.0,2,220.859032
80.0,6,220.866641
85.454545,9,220.877335
62.5,3,220.88116
20.0,2,220.883958
40.0,4,220.889022
65.0,2,220.891966
61.666667,4,220.897037
60.0,6,220.904539
20.0,2,220.907424
20.0,2,220.910328
20.0,2,220.913151
82.857143,5,220.919425
20.0,2,220.922175
65.0,2,220.924905
126.666667,8,220.935156
65.0,2,220.938061
80.0,6,220.945275
20.0,2,220.948185
62.5,3,220.952203
60.0,6,220.959626
103.0,7,220.967934
40.0,5,220.974196
65.0,2,220.977177
84.0,4,220.982269
20.0,2,220.98502
20.0,2,220.987911
20.0,2,220.99069
60.0,8,221.000078
82.857143,5,221.006321
62.5,3,221.010344
82.222222,6,221.017637
40.0,6,221.024978
61.666667,4,221.030031
20.0,2,221.03287
20.0,2,221.035669
65.0,2,221.038361
20.0,2,221.041229
40.0,5,221.047303
60.0,6,221.054347
124.444444,7,221.062804
40.0,4,221.067874
105.0,5,221.073977
40.0,5,221.080096
61.666667,4,221.085208
20.0,2,221.08807
40.0,6,221.095098
84.0,4,221.100259
61.666667,4,221.105268
20.0,2,221.108089
40.0,5,221.114136
62.5,3,221.117959
20.0,2,221.12079
20.0,2,221.123577
60.0,5,221.12972
20.0,2,221.132475
84.0,4,221.137529
40.0,5,221.143631
20.0,2,221.146374
40.0,8,221.15567
80.0,6,221.163337
65.0,2,221.166197
61.666667,4,221.171201
60.0,6,221.178394
20.0,2,221.181261
60.0,8,221.190764
124.444444,7,221.199193
65.0,2,221.202121
62.5,3,221.206339
40.0,5,221.212787
103.0,7,221.2215
65.0,2,221.224294
20.0,2,221.227151
40.0,4,221.232235
20.0,2,221.235081
20.0,2,221.238012
40.0,5,221.244113
40.0,4,221.249218
60.0,6,221.256813
61.666667,4,221.262217
65.0,2,221.265119
65.0,2,221.268158
62.5,3,221.272033
61.666667,4,221.277067
20.0,2,221.279937
80.0,9,221.290339
40.0,4,221.295643
20.0,2,221.298441
20.0,2,221.301248
40.0,8,221.310835
62.5,3,221.31486
65.0,2,221.317756
40.0,5,221.323873
20.0,2,221.326632
20.0,2,221.32953
60.0,6,221.33673
20.0,2,221.339617
20.0,2,221.342423
40.0,5,221.348395
20.0,2,221.351215
20.0,2,221.354023
20.0,2,221.356982
65.0,2,221.359956
20.0,2,221.362779
40.0,5,221.368741
65.0,2,221.371641
82.222222,6,221.378876
65.0,2,221.381774
65.0,2,221.384666
61.666667,4,221.389707
65.0,2,221.392473
60.0,6,221.399649
65.0,2,221.402433
62.5,3,221.40645
65.0,2,221.409233
82.857143,5,221.415327
20.0,2,221.418074
40.0,4,221.422924
65.0,2,221.425733
65.454545,9,221.436203
65.0,2,221.43909
65.0,2,221.441783
20.0,2,221.44452
20.0,4,221.449453
82.222222,6,221.456954
20.0,6,221.464222
20.0,2,221.467058
65.0,2,221.469947
20.0,2,221.472675
20.0,2,221.475526
80.0,9,221.485995
82.222222,6,221.493282
20.0,4,221.498203
62.222222,6,221.505297
82.857143,5,221.511292
103.75,6,221.518612
60.0,4,221.523784
65.0,2,221.526688
62.5,3,221.530638
20.0,2,221.533506
60.0,7,221.541707
65.0,2,221.544704
20.0,2,221.547546
60.0,7,221.555892
82.222222,6,221.563307
40.0,5,221.569445
82.857143,5,221.575619
20.0,2,221.578457
40.0,5,221.584519
80.0,8,221.593939
65.0,2,221.596879
65.0,2,221.599735
40.0,5,221.605781
65.0,2,221.608636
65.0,2,221.611514
20.0,2,221.614287
20.0,2,221.617214
60.0,9,221.627576
65.0,2,221.630587
40.0,6,221.640713
20.0,2,221.643411
105.0,5,221.649557
40.0,4,221.654614
62.5,3,221.658657
20.0,6,221.665761
60.0,5,221.695986
40.0,5,221.701926
65.0,2,221.704827
65.0,2,221.707643
40.0,5,221.71372
65.0,2,221.716629
20.0,2,221.719487
20.0,2,221.722285
84.0,4,221.727449
65.0,2,221.730306
65.0,2,221.733234
20.0,4,221.738241
120.0,9,221.748993
80.0,6,221.756335
40.0,4,221.761357
20.0,2,221.764166
20.0,2,221.766976
62.5,3,221.770817
65.0,2,221.774016
40.0,5,221.780288
65.0,2,221.78328
20.0,2,221.786177
40.0,6,221.793401
40.0,6,221.800808
80.0,6,221.808119
40.0,5,221.814297
20.0,2,221.817094
65.0,2,221.819803
65.0,2,221.822756
40.0,5,221.828779
61.666667,4,221.833796
20.0,2,221.836601
65.0,2,221.839355
20.0,2,221.842203
20.0,6,221.849384
40.0,4,221.854552
40.0,5,221.860644
100.0,9,221.871123
84.0,4,221.876471
60.0,8,221.886647
62.5,3,221.891416
61.666667,4,221.89692
20.0,2,221.900207
120.0,9,221.911405
40.0,5,221.91813
20.0,2,221.921542
65.0,2,221.924663
20.0,4,221.929819
62.5,3,221.933871
40.0,4,221.939303
105.0,5,221.946242
60.0,6,221.954116
40.0,5,221.960786
65.0,2,221.963878
20.0,7,221.972479
20.0,2,221.97536
62.5,3,221.979226
61.666667,4,221.98485
60.0,8,221.994446
20.0,2,221.997363
40.0,5,222.003978
40.0,4,222.009176
60.0,8,222.018589
65.0,2,222.021566
65.0,2,222.024416
20.0,2,222.027099
82.857143,5,222.033381
62.5,3,222.037532
61.666667,4,222.042647
20.0,2,222.045562
40.0,5,222.05187
20.0,2,222.054723
20.0,2,222.057614
60.0,9,222.068188
65.0,2,222.071164
60.0,6,222.078474
20.0,2,222.081351
20.0,6,222.088751
82.222222,6,222.096007
65.0,2,222.09895
65.0,2,222.101925
20.0,2,222.104682
40.0,4,222.109752
125.714286,6,222.117118
83.0,7,222.125377
20.0,2,222.128132
20.0,2,222.130937
20.0,2,222.133792
62.5,3,222.137797
20.0,4,222.142653
60.0,7,222.151817
80.0,6,222.159208
60.0,8,236.460665
20.0,2,236.464159
61.666667,4,236.469578
20.0,2,236.472649
40.0,5,236.478759
65.0,2,236.481776
20.0,2,236.484645
125.714286,6,236.492057
62.5,3,236.496099
20.0,2,236.498876
62.222222,6,236.506308
80.0,8,236.515993
65.0,2,236.518903
65.0,2,236.521823
20.0,2,236.524732
60.0,6,236.532059
60.0,5,236.538284
40.0,5,236.544548
120.0,9,236.555496
60.0,5,236.561684
65.0,2,236.564465
40.0,5,236.570575
105.0,5,236.576657
60.0,8,236.586096
61.666667,4,236.591208
40.0,5,236.597428
40.0,5,236.603706
20.0,6,236.611298
61.666667,4,236.6165
60.0,5,236.622679
40.0,5,236.6289
65.0,2,236.631887
40.0,6,236.639067
40.0,5,236.645231
61.666667,4,236.650289
40.0,5,236.656552
20.0,2,236.659382
40.0,6,236.666543
40.0,5,236.672692
20.0,2,236.675539
65.0,2,236.678375
20.0,2,236.681206
20.0,2,236.683912
82.222222,6,236.691194
20.0,2,236.69416
20.0,2,236.696878
20.0,2,236.699681
40.0,6,236.706854
124.444444,7,236.715343
20.0,2,236.718261
20.0,5,236.724407
62.5,3,236.728569
20.0,2,236.731434
20.0,2,236.734348
20.0,2,236.737257
60.0,6,236.744631
20.0,4,236.749678
20.0,4,236.75474
20.0,5,236.761039
61.666667,4,236.766234
20.0,2,236.769069
20.0,2,236.771825
124.444444,7,236.780242
80.0,7,236.788621
20.0,2,236.791528
62.5,3,236.795639
61.666667,4,236.800752
20.0,2,236.803586
40.0,4,236.808555
20.0,4,236.813607
20.0,2,236.816545
40.0,5,236.822645
20.0,2,236.82557
65.0,2,236.828532
40.0,4,236.833588
65.0,2,236.836513
20.0,5,236.842505
82.857143,5,236.848785
40.0,6,236.856169
40.0,4,236.861514
20.0,2,236.864439
20.0,2,236.86733
60.0,6,236.874594
40.0,5,236.880672
65.0,2,236.883467
83.75,6,236.890943
40.0,5,236.89877
60.0,6,236.906017
65.0,2,236.908968
20.0,2,236.911856
40.0,5,236.918006
20.0,2,236.920865
62.5,3,236.924867
20.0,2,236.927736
82.222222,6,236.935028
82.857143,5,236.941213
40.0,5,236.947294
62.5,3,236.951369
82.857143,5,236.95765
40.0,5,236.963681
40.0,5,236.969705
20.0,2,236.972946
40.0,5,236.979133
82.857143,5,236.98536
62.5,3,236.989342
84.0,4,236.99449
146.25,7,237.002877
105.0,5,237.008996
40.0,4,237.014139
65.0,2,237.017106
62.5,3,237.021193
105.0,5,237.027284
103.75,6,237.034542
40.0,5,237.040677
20.0,2,237.043508
65.0,2,237.046409
61.666667,4,237.051501
84.0,4,237.05678
82.857143,5,237.063093
60.0,6,237.07039
65.0,2,237.073398
65.0,2,237.076392
84.0,4,237.08151
20.0,2,237.084287
40.0,4,237.089386
100.0,9,237.100086
82.857143,5,237.106282
62.5,3,237.110085
20.0,5,237.116098
40.0,5,237.122528
65.0,2,237.125497
40.0,4,237.130679
124.444444,7,237.139097
65.0,2,237.141978
20.0,2,237.144658
80.0,7,237.152977
40.0,5,237.159027
20.0,2,237.161846
40.0,6,237.169235
80.0,6,237.17652
20.0,2,237.179342
82.857143,5,237.185549
124.444444,7,237.193987
20.0,2,237.196841
20.0,2,237.199663
40.0,6,237.206905
40.0,4,237.211883
20.0,2,237.214791
20.0,2,237.217954
82.222222,6,237.225157
61.666667,4,237.230208
65.0,2,237.233133
20.0,2,237.235997
40.0,5,237.242334
62.5,3,237.246416
62.5,3,237.250504
40.0,4,237.255687
62.5,3,237.259819
65.0,2,237.262754
40.0,4,237.267915
20.0,2,237.2708
82.222222,6,237.3116
84.0,4,237.31659
20.0,2,237.319396
20.0,2,237.322324
20.0,2,237.325373
20.0,2,237.328364
40.0,5,237.334618
82.857143,5,237.341152
20.0,2,237.344121
80.0,6,237.351649
60.0,8,237.361223
20.0,6,237.368398
40.0,5,237.374814
61.666667,4,237.37995
83.0,7,237.388272
40.0,5,237.394442
20.0,2,237.39729
20.0,6,237.404671
82.857143,5,237.41101
40.0,5,237.417165
40.0,5,237.423406
20.0,4,237.428396
65.0,2,237.431443
40.0,4,237.436454
20.0,2,237.43936
40.0,4,237.444475
80.0,5,237.450518
40.0,5,237.456849
125.714286,6,237.464339
62.5,3,237.468745
40.0,7,237.47719
80.0,6,237.484609
20.0,2,237.488181
40.0,4,237.493788
125.454545,9,237.50527
82.857143,5,237.511882
85.454545,9,237.523481
40.0,5,237.530012
40.0,5,237.536811
40.0,4,237.542298
20.0,2,237.545554
145.0,8,237.555578
82.222222,6,237.564056
84.0,4,237.569688
80.0,8,237.580297
62.5,3,237.584325
20.0,2,237.587144
40.0,4,237.592528
20.0,2,237.595484
20.0,2,237.598345
40.0,5,237.604529
20.0,2,237.607373
60.0,7,237.615741
20.0,2,237.618554
65.0,2,237.621487
80.0,8,237.631299
65.0,2,237.634504
40.0,4,237.639638
82.222222,6,237.646922
40.0,5,237.653092
100.0,9,237.664096
20.0,2,237.666944
40.0,4,237.672021
20.0,2,237.674807
82.222222,6,237.682363
20.0,2,237.685343
65.0,2,237.688253
62.5,3,237.692432
62.5,3,237.696551
20.0,2,237.699481
82.222222,6,237.70695
65.0,2,237.709824
20.0,4,237.714809
65.0,2,237.717644
20.0,2,237.720492
40.0,4,237.725993
20.0,2,237.728809
20.0,6,237.735972
60.0,8,237.745484
20.0,2,237.74832
65.0,2,237.751338
40.0,5,237.757428
40.0,6,237.764659
20.0,2,237.76747
65.0,2,237.770381
125.714286,6,237.777713
65.0,2,237.780717
40.0,5,237.787402
65.0,2,237.790342
84.0,4,237.795531
62.5,3,237.799547
65.0,2,237.802381
65.0,2,237.805325
