#{"t_start": 1742149444.900361, "env_id": "None"}
r,l,t
102.5,2,0.077791
-27.5,14,0.102121
102.5,2,0.107349
133.5,4,0.188797
102.5,2,0.232324
118.0,3,0.249804
102.5,2,0.262703
102.5,2,0.275195
143.0,3,0.289173
118.0,3,0.30258
0.0,1,0.307884
0.0,1,0.313144
-88.5,22,0.396451
-42.5,17,0.418631
0.0,1,0.42191
102.5,2,0.426759
118.0,3,0.432551
88.0,9,0.44725
0.0,1,0.450249
0.0,1,0.45368
0.0,1,0.456615
-12.5,11,0.472641
118.0,3,0.478747
0.0,1,0.481887
102.5,2,0.487601
102.5,2,0.492279
33.5,10,0.508283
-28.5,10,0.523651
102.5,2,0.528233
0.333333,11,0.545895
-28.5,10,0.560311
2.5,8,0.572778
2.0,8,0.584856
102.5,2,0.589338
0.0,1,0.592962
118.0,3,0.599286
-28.5,10,0.615923
-28.5,10,0.631729
-58.5,16,0.654524
0.0,1,0.658673
118.0,3,0.66549
2.5,8,0.677721
-58.5,16,0.701623
118.0,3,0.707418
102.5,2,0.712073
-28.5,10,0.726917
-100.5,31,0.768601
-28.5,10,0.784109
21.333333,11,0.800856
102.5,2,0.805135
0.0,1,0.809284
-43.5,13,0.830523
-42.5,17,0.85821
0.0,1,0.861764
72.0,8,0.874272
102.5,2,0.878795
0.0,1,0.881762
-43.5,13,0.899038
0.0,1,0.902355
102.5,2,0.906671
102.5,2,0.911802
133.0,3,0.918291
118.0,3,0.924757
102.5,2,0.931419
118.0,3,0.94406
-58.5,16,0.969805
0.0,1,0.973209
161.833333,4,0.986426
-34.666667,18,1.019659
-27.5,14,1.046568
102.5,2,1.058408
80.0,13,1.085397
-3.0,12,1.111271
102.5,2,1.121457
102.5,2,1.133487
-12.0,15,1.163048
-12.5,11,1.183027
2.5,8,1.201309
-58.5,16,1.227946
118.0,3,1.239478
-43.5,13,1.263962
0.0,1,1.268012
-12.5,11,1.289534
102.5,2,1.300364
118.0,3,1.315448
-43.5,13,1.341552
118.0,3,1.355023
0.0,1,1.360554
174.833333,6,1.38149
118.0,3,1.396437
-58.5,16,1.423608
0.0,1,1.427152
-28.5,10,1.445864
102.5,2,1.458838
-9.666667,13,1.503879
0.0,1,1.508779
102.5,2,1.5206
-28.5,10,1.540192
118.0,3,1.552458
0.0,1,1.558252
0.0,1,1.561728
102.5,2,1.57447
102.5,6,1.593468
33.0,6,1.612752
102.5,2,1.623616
-13.0,14,1.648859
0.0,1,1.652066
0.0,1,1.655215
0.0,1,1.659779
-58.5,16,1.686808
0.0,1,1.691985
-28.5,10,1.710074
118.0,3,1.722507
0.0,1,1.729239
-28.5,10,1.749852
146.833333,4,1.763446
118.0,3,1.777349
-28.5,10,1.797913
-43.5,13,1.816715
0.0,1,1.820005
103.0,6,1.831958
129.333333,8,1.845948
57.0,11,1.864304
75.333333,10,1.888153
102.5,2,1.892956
113.0,4,1.901245
-28.5,10,1.917662
102.5,2,1.927402
-28.5,10,1.948239
0.0,1,1.951881
0.0,1,1.955866
102.5,2,1.960775
-19.666667,15,1.985772
33.0,6,1.996527
102.5,2,2.002447
102.5,2,2.008175
-43.5,13,2.027463
-28.5,10,2.043511
146.833333,5,2.053319
118.0,3,2.059144
118.0,3,2.066278
2.5,8,2.083563
38.666667,17,2.108828
-12.5,11,2.126661
-28.5,10,2.141065
-12.5,11,2.159122
-43.5,13,2.177802
-12.5,11,2.197519
-12.5,11,2.212976
102.5,2,2.217644
102.5,2,2.221848
0.0,1,2.224856
102.5,2,2.229565
-12.5,11,2.245509
-43.5,13,2.264379
-43.5,13,2.283981
2.5,8,2.29707
102.5,2,2.301652
0.0,1,2.304596
-12.5,11,11.634317
0.0,1,11.638215
118.0,3,11.644589
73.0,12,11.662883
118.0,3,11.66894
102.5,2,11.673337
102.5,2,11.67822
102.5,2,11.682965
143.0,3,11.688792
-28.5,10,11.704263
102.5,2,11.708693
0.0,1,11.711923
118.0,3,11.717968
118.0,3,11.723971
-28.5,10,11.738653
-28.5,10,11.753676
0.0,1,11.756953
0.0,1,11.759894
-12.5,11,11.779098
-58.5,16,11.800131
102.5,2,11.805037
102.5,2,11.809366
102.5,2,11.814122
102.5,2,11.819491
118.0,3,11.825604
-28.5,10,11.840546
133.5,4,11.849801
-28.5,10,11.864825
102.5,2,11.869757
-12.5,15,11.893211
-28.5,10,11.909276
118.0,3,11.9159
-27.5,14,11.937072
-33.0,15,11.957871
102.5,2,11.962465
118.0,3,11.968879
2.5,8,11.981466
2.5,8,11.993793
-43.5,13,12.012777
2.5,8,12.026667
118.0,3,12.032951
-58.5,16,12.054118
-28.0,14,12.073045
0.0,1,12.076464
0.0,1,12.079644
-43.5,13,12.096972
-88.5,22,12.125676
102.5,2,12.130558
115.833333,7,12.142343
102.5,2,12.147058
-28.5,10,12.161669
17.0,8,12.174957
48.5,7,12.187932
18.0,9,12.20259
-43.5,13,12.22056
3.0,12,12.239925
102.5,2,12.244661
118.0,3,12.250652
0.0,1,12.2537
0.0,1,12.25711
3.0,12,12.274931
102.5,2,12.279759
-27.5,14,12.299726
102.5,2,12.304292
102.5,2,12.308752
0.0,1,12.311843
-28.5,10,12.327512
28.0,7,12.338375
118.0,3,12.344265
156.833333,5,12.352881
0.0,1,12.356085
88.0,9,12.371731
133.0,3,12.378885
118.0,3,12.385103
-43.5,13,12.405535
85.333333,8,12.418638
102.5,2,12.423032
102.5,2,12.427483
118.0,3,12.433521
-12.0,15,12.455221
118.0,3,12.462019
0.0,1,12.465586
-43.5,13,12.484984
-12.5,11,12.502526
-28.5,10,12.517317
118.0,3,12.524086
18.0,9,12.537334
118.0,3,12.543343
102.5,2,12.548046
-12.5,11,12.563511
0.333333,11,12.578955
-43.5,13,12.597072
0.0,1,12.600394
118.0,3,12.605899
0.0,1,12.609449
75.333333,10,12.624632
10.0,13,12.643826
33.0,6,12.654368
102.5,2,12.659297
118.0,3,12.665552
18.0,9,12.679879
102.5,2,12.684592
102.5,2,12.689103
0.0,1,12.692181
-43.5,13,12.711392
0.0,1,12.714657
118.0,3,12.72027
-58.5,16,12.743814
-43.5,13,12.762263
102.5,2,12.766649
0.0,1,12.77044
102.5,2,12.775396
-28.5,10,12.790026
2.5,8,12.802639
-28.5,10,12.817269
3.0,12,12.83478
102.5,2,12.839295
133.0,3,12.844769
102.5,2,12.848989
12.0,9,12.861595
-28.5,10,12.885458
118.0,3,12.892526
118.0,3,12.899147
102.5,2,12.904061
-8.0,13,12.922168
118.0,3,12.928351
118.0,3,12.934716
0.0,1,12.938216
-28.5,10,12.953781
102.5,2,12.958523
118.0,3,12.964662
145.0,13,12.984539
0.0,1,12.988215
133.5,4,12.996491
2.0,8,13.008643
102.5,2,13.013147
33.5,10,13.027876
-28.5,10,13.041607
0.0,1,13.045312
133.5,4,13.053274
102.5,2,13.057669
102.5,2,13.062117
133.5,4,13.069567
118.0,3,13.075409
44.0,16,13.096913
0.0,1,13.100692
-27.5,14,13.122357
102.5,2,13.127173
22.5,8,13.140002
0.0,1,13.14344
0.0,1,13.146576
151.833333,4,13.153541
118.0,3,13.159679
-43.5,13,13.177653
-43.5,13,13.197315
16.333333,12,13.213212
85.333333,8,13.225761
102.5,2,13.230526
33.666667,18,13.257248
-58.5,16,13.279082
102.5,2,13.283719
102.5,2,13.288103
-43.5,13,13.308118
33.0,6,13.31951
102.5,2,13.324311
0.0,1,13.327742
33.0,9,22.667033
-58.5,16,22.688427
102.5,2,22.693099
118.0,3,22.698891
0.0,1,22.702344
-57.5,20,22.730914
118.0,3,22.736566
2.5,8,22.750078
118.0,3,22.756822
33.0,6,22.766374
0.0,1,22.769531
102.5,2,22.773985
118.0,3,22.779688
-28.5,10,22.793149
0.0,1,22.796591
-27.5,14,22.816432
0.0,1,22.819691
102.5,2,22.824287
2.5,8,22.835807
0.0,1,22.838682
118.0,3,22.844376
-28.5,10,22.858516
0.0,1,22.861783
58.0,6,22.872433
102.5,2,22.877376
118.0,3,22.883447
118.0,3,22.89089
102.5,2,22.89555
118.0,3,22.901945
102.5,2,22.906783
12.0,9,22.920787
33.0,6,22.932421
102.5,2,22.938813
-73.5,19,22.968667
0.0,1,22.972486
-12.5,11,22.98892
102.5,2,22.993702
102.5,2,22.999127
18.0,9,23.012371
43.0,7,23.024623
102.5,2,23.029562
-43.5,13,23.047021
-28.5,10,23.062376
118.0,3,23.069588
-43.5,13,23.088747
118.0,3,23.095067
-43.5,13,23.113884
118.0,3,23.120125
-42.5,17,23.145011
-18.0,12,23.16404
102.5,2,23.168877
118.0,3,23.174208
-28.5,10,23.189626
-27.5,14,23.210266
-42.5,17,23.234732
133.0,3,23.241101
-58.5,16,23.263644
-43.5,13,23.282255
-28.5,10,23.297139
-43.5,13,23.316147
118.0,3,23.322343
-43.5,13,23.340775
-28.5,10,23.354726
118.0,3,23.360738
2.5,8,23.374182
-84.666667,28,23.411788
118.0,3,23.417839
102.5,2,23.422629
118.0,3,23.429605
-43.5,13,23.448813
102.5,2,23.453798
-43.5,13,23.475318
118.0,3,23.482612
118.0,3,23.489636
102.5,2,23.494253
-43.5,13,23.51299
-13.0,11,23.528176
102.5,2,23.532688
102.5,2,23.537143
-28.5,10,23.551368
102.5,2,23.556182
33.0,6,23.565941
0.0,1,23.569788
102.5,2,23.575913
-28.5,10,23.591058
3.0,12,23.608317
-28.5,10,23.625527
118.0,3,23.631727
-57.5,20,23.660194
71.833333,8,23.673313
-14.666667,14,23.692525
118.0,3,23.699274
-43.5,13,23.718667
118.0,3,23.725505
-28.5,10,23.741866
102.5,2,23.746907
-4.666667,12,23.764624
118.0,3,23.771078
0.0,1,23.774592
-2.5,9,23.788637
118.0,3,23.794755
102.5,2,23.799168
0.0,1,23.802167
-43.5,13,23.820266
118.0,3,23.826295
118.0,3,23.832055
-43.5,13,23.850016
118.0,3,23.856059
0.0,1,23.859647
-28.5,10,23.87503
0.0,1,23.878206
102.5,2,23.882816
0.0,1,23.886059
2.5,12,23.902595
102.5,2,23.907354
75.333333,10,23.922928
2.5,8,23.935677
33.0,6,23.94495
-43.5,13,23.962711
118.0,3,23.96994
102.5,2,23.974793
-28.5,10,23.989477
-43.0,17,24.013037
2.5,8,24.027244
-28.5,10,24.044055
-28.5,10,24.058884
100.166667,13,24.07858
118.0,3,24.084222
-58.5,16,24.106448
-28.5,10,24.121431
118.0,3,24.128746
118.0,3,24.135182
-12.5,11,24.151075
118.0,3,24.15795
0.0,1,24.161139
-28.5,10,24.17522
118.0,3,24.181249
118.0,3,24.186792
0.0,1,24.190198
0.0,1,24.193142
118.0,3,24.199497
0.0,1,24.202809
118.0,3,24.208287
-28.5,10,24.222236
0.0,1,24.225539
118.0,3,24.231968
102.5,2,24.236996
118.0,3,24.243054
102.5,2,24.247428
88.0,9,24.261556
-28.5,10,24.277417
102.5,2,24.282014
118.0,3,24.288202
118.0,3,24.293951
113.0,4,24.301785
-28.5,10,24.317346
48.5,7,24.329044
2.5,8,33.588549
118.0,3,33.595067
0.0,1,33.598566
-28.5,10,33.613754
118.0,3,33.619809
-28.5,10,33.634091
102.5,2,33.639535
0.0,1,33.644014
-28.5,10,33.659489
-58.5,16,33.682069
-28.5,10,33.696778
118.0,3,33.702474
118.0,3,33.708166
48.5,7,33.721643
0.0,1,33.725231
-2.5,9,33.739368
102.5,2,33.744247
-43.5,13,33.761705
0.0,1,33.765255
118.0,3,33.771263
102.5,2,33.776292
0.0,1,33.780637
118.0,3,33.787212
-28.5,10,33.801537
17.0,8,33.815651
-28.5,10,33.830907
102.5,2,33.835386
0.0,1,33.838441
118.0,3,33.844337
2.5,8,33.857088
102.5,2,33.862252
133.0,8,33.877028
118.0,3,33.883912
67.0,9,33.898539
0.0,1,33.903852
151.833333,4,33.912763
-28.5,10,33.927967
0.0,1,33.931237
118.0,3,33.937246
118.0,3,33.944368
118.0,3,33.950072
118.0,3,33.95653
5.5,14,33.976627
18.0,9,33.992157
118.0,3,33.99896
118.0,3,34.005387
0.0,1,34.008476
0.0,1,34.011286
0.0,1,34.014248
0.0,1,34.017322
2.5,8,34.029293
118.0,3,34.03502
-43.5,13,34.05211
0.0,1,34.055289
-58.5,16,34.076701
102.5,2,34.081221
102.5,2,34.085478
33.0,6,34.095171
0.0,1,34.098706
118.0,3,34.104902
102.5,2,34.109397
118.0,3,34.115718
118.0,3,34.12149
-28.5,10,34.135855
-43.5,13,34.154327
118.0,3,34.161212
-28.5,10,34.176582
-88.5,22,34.205717
118.0,3,34.212266
118.0,3,34.21788
0.0,1,34.221255
118.0,3,34.227761
0.0,1,34.231142
187.333333,6,34.242097
87.5,9,34.254944
102.5,2,34.25966
118.0,3,34.265696
118.0,3,34.271871
102.5,2,34.276745
-28.5,10,34.291565
0.0,1,34.2947
118.0,3,34.300689
0.0,1,34.303898
72.0,8,34.315749
18.0,9,34.330233
118.0,3,34.3366
-28.5,10,34.352761
0.0,1,34.356147
2.5,8,34.368847
159.833333,6,34.379431
2.5,8,34.391202
18.0,9,34.404895
0.0,1,34.408779
-13.0,11,34.427153
118.0,3,34.433299
-28.5,10,34.449212
102.5,2,34.455129
118.0,3,34.462102
0.0,1,34.466296
-15.5,14,34.486623
-10.0,17,34.508852
-88.5,22,34.538193
0.0,1,34.54123
113.0,4,34.548625
0.0,1,34.55175
0.0,1,34.554833
102.5,2,34.559236
0.0,1,34.562731
123.5,6,34.573062
2.5,8,34.585992
102.5,2,34.590894
102.5,2,34.595061
0.0,1,34.598341
0.0,1,34.601726
118.0,3,34.607341
128.5,5,34.61593
-57.5,20,34.642442
-73.5,19,34.668793
118.0,3,34.675137
0.0,1,34.678551
102.5,2,34.683037
0.0,1,34.686321
118.0,3,34.692359
0.0,1,34.696246
-42.5,17,34.719473
2.0,8,34.731033
0.0,1,34.734251
0.0,1,34.737644
2.5,8,34.752399
-12.5,11,34.769002
-73.5,19,34.794607
0.0,1,34.797639
118.0,3,34.803995
102.5,2,34.809416
118.0,3,34.815995
-88.5,22,34.848444
102.5,2,34.853182
-2.5,13,34.873495
118.0,3,34.880157
-28.5,10,34.895148
0.0,1,34.89857
-12.5,11,34.914338
118.0,3,34.920614
118.0,3,34.926424
118.0,3,34.933203
17.5,9,34.946523
118.0,3,34.952055
118.0,3,34.958611
118.0,3,34.964594
118.0,3,34.970761
102.5,2,34.975218
-28.5,10,34.989299
0.0,1,34.992715
0.0,1,34.996126
118.0,3,35.00262
-28.5,10,35.01769
-12.5,11,35.034465
75.333333,10,35.047798
0.0,1,35.050742
118.0,3,35.057535
113.0,4,35.064947
118.0,3,35.071204
118.0,3,35.077273
0.0,1,35.080692
102.5,2,35.085551
102.5,2,35.090636
-43.5,13,35.110439
102.5,2,35.11496
102.5,2,35.119784
0.0,1,35.122714
58.0,6,35.132524
102.5,2,35.137878
-28.5,10,35.15301
0.0,1,35.156222
-28.5,10,35.171341
-43.5,13,35.190043
118.0,3,35.196026
-43.5,13,35.21402
-13.0,11,35.230984
118.0,3,35.237317
2.5,8,35.248889
118.5,7,35.260237
102.5,2,35.264947
-43.5,13,35.282346
102.5,2,35.287322
118.0,3,35.293556
-4.666667,12,35.31058
-58.5,16,44.573605
102.5,2,44.579346
0.0,1,44.582383
-42.5,17,44.605535
33.0,6,44.614831
118.0,3,44.620966
102.5,2,44.625543
0.0,1,44.629088
-17.5,12,44.646962
0.0,1,44.650449
17.0,8,44.663212
118.0,3,44.669522
102.5,2,44.673957
113.0,4,44.681078
-88.5,22,44.710848
110.833333,8,44.723496
2.5,8,44.736115
33.0,6,44.745913
0.0,1,44.749388
33.0,6,44.759189
-58.5,16,44.782506
13.0,10,44.799132
102.5,2,44.804189
102.5,2,44.808864
0.0,1,44.812285
3.0,12,44.83081
0.0,1,44.83461
118.0,3,44.840475
2.5,8,44.85221
-43.5,13,44.871176
0.0,1,44.874475
0.0,1,44.877285
-28.5,10,44.893209
118.0,3,44.899389
-13.0,11,44.91708
102.5,2,44.921861
0.0,1,44.925199
0.0,1,44.928174
-28.5,10,44.943195
118.0,3,44.949744
-28.5,10,44.96511
-58.5,16,44.986518
-28.5,10,45.002928
118.0,3,45.009829
133.0,3,45.016466
-12.0,15,45.03908
102.5,2,45.043476
-43.5,13,45.06218
102.5,2,45.066858
102.5,2,45.071366
118.0,3,45.077062
2.5,8,45.08992
52.0,12,45.107652
0.0,1,45.111283
118.0,3,45.116915
-58.5,16,45.138429
-28.5,10,45.156165
102.5,2,45.160728
-28.5,10,45.174694
-28.5,10,45.189179
0.0,1,45.192669
118.0,3,45.200152
118.0,3,45.207106
-2.5,9,45.220613
-24.666667,16,45.242836
118.0,3,45.248954
118.0,3,45.254555
0.0,1,45.257727
118.0,3,45.263437
-73.5,19,45.291228
102.5,2,45.29658
102.5,2,45.301445
118.0,3,45.307931
102.5,2,45.31333
102.5,2,45.319003
-28.5,10,45.334156
-28.5,10,45.34867
118.0,3,45.355351
102.5,2,45.359965
0.0,1,45.363303
53.0,7,45.374757
102.5,2,45.379171
102.5,2,45.383793
-28.5,10,45.398461
0.0,1,45.401696
-43.5,13,45.419198
18.0,9,45.433132
-43.5,13,45.451686
102.5,2,45.455947
-43.5,13,45.474433
-13.0,11,45.489213
-43.5,13,45.506698
0.0,1,45.510238
102.5,2,45.515135
-43.5,13,45.53537
49.0,15,45.558257
118.0,3,45.565225
102.5,2,45.570388
2.5,8,45.581772
0.0,1,45.584818
118.0,3,45.591691
-28.5,10,45.607871
-28.5,10,45.622341
141.833333,5,45.630607
0.333333,11,45.647718
118.0,3,45.653457
0.0,1,45.656885
38.0,8,45.66928
102.5,2,45.674101
-43.5,13,45.692092
97.5,3,45.697463
58.0,6,45.707276
-73.5,19,45.73403
-73.5,19,45.760405
102.5,2,45.765118
143.0,3,45.771459
118.0,3,45.777306
102.5,2,45.781754
118.0,3,45.788016
102.5,2,45.792373
102.5,2,45.796886
33.5,10,45.812097
118.0,3,45.818355
118.0,3,45.824079
0.0,1,45.827045
2.0,8,45.840871
-28.5,10,45.855622
-28.5,10,45.87127
0.0,1,45.874613
33.0,6,45.884118
113.0,4,45.891601
102.5,2,45.896325
118.0,3,45.901894
0.0,1,45.905177
102.5,2,45.909728
102.5,2,45.914314
-58.5,16,45.937069
0.0,1,45.940403
0.0,1,45.943496
2.5,8,45.956115
102.5,2,45.960499
118.0,3,45.965854
0.0,1,45.968934
-8.0,13,45.987254
0.0,1,45.990769
38.0,8,46.004226
33.0,6,46.015068
-28.5,10,46.030433
-28.5,10,46.044793
118.0,3,46.051133
102.5,2,46.056765
118.0,3,46.063006
0.0,1,46.065919
102.5,2,46.070592
160.0,11,46.090318
118.0,3,46.09618
-28.5,10,46.111457
0.0,1,46.114559
102.5,2,46.11887
118.0,3,46.124952
118.0,3,46.131322
118.0,3,46.137793
0.333333,11,46.15329
-28.5,10,46.166812
0.0,1,46.170158
183.5,5,46.178838
102.5,2,46.183653
2.5,8,46.195787
118.0,3,46.201431
-28.5,10,46.216125
0.0,1,46.219582
0.0,1,46.223091
102.5,2,46.228272
-28.5,10,46.243332
102.5,2,46.248423
118.0,3,46.254411
-28.5,10,55.589299
121.333333,7,55.602795
102.5,2,55.607423
-27.5,14,55.629736
-28.5,10,55.644583
103.0,6,55.655842
118.0,3,55.661482
103.333333,9,55.675406
0.0,1,55.679113
118.0,3,55.685412
118.0,3,55.691788
0.0,1,55.695373
118.0,3,55.701587
102.5,2,55.706248
-43.5,13,55.723957
-43.5,13,55.743563
118.0,3,55.749708
143.0,3,55.75566
-28.5,10,55.770413
-28.5,10,55.785163
118.0,3,55.791407
2.5,8,55.803397
-23.0,16,55.82778
146.833333,5,55.837463
103.0,6,55.84893
-43.5,13,55.868815
-27.0,18,55.893284
102.5,2,55.898177
33.0,6,55.908753
-28.5,10,55.92443
118.0,3,55.931795
102.5,2,55.936089
12.0,9,55.951091
133.5,4,55.958948
85.333333,8,55.972623
118.0,3,55.978681
118.0,3,55.985189
-13.0,11,56.001316
-12.5,11,56.018684
143.0,3,56.027225
-43.5,13,56.045843
0.0,1,56.049325
-28.5,10,56.065366
-103.5,25,56.098561
33.0,11,56.115016
102.5,2,56.119689
133.0,3,56.126739
0.0,1,56.130235
118.0,3,56.135549
118.0,3,56.141949
118.0,3,56.148529
118.0,3,56.154653
-73.5,19,56.182854
118.0,3,56.189127
-28.5,10,56.202667
-43.5,13,56.221899
-28.5,10,56.237978
25.833333,10,56.252783
118.0,3,56.259008
102.5,2,56.263611
118.0,3,56.269817
146.833333,4,56.276711
3.0,12,56.293896
110.833333,8,56.306391
118.0,3,56.312194
88.0,9,56.32683
72.0,8,56.339535
79.5,13,56.357314
-43.5,13,56.375398
118.0,3,56.382099
0.0,1,56.38543
-28.5,10,56.399648
102.5,2,56.403992
88.0,9,56.417711
0.0,1,56.420688
0.0,1,56.423941
102.5,6,56.434172
118.0,3,56.440091
0.0,1,56.443253
2.5,8,56.455408
18.0,9,56.468668
28.0,7,56.47991
102.5,2,56.48499
118.0,3,56.490892
-88.5,22,56.522141
118.0,3,56.528033
118.0,3,56.534024
111.333333,7,56.544996
-73.5,19,56.570754
118.0,3,56.576843
118.0,3,56.582858
-27.5,14,56.604426
-13.0,11,56.620641
103.0,6,56.630932
118.0,3,56.637177
-58.5,16,56.660467
0.0,1,56.663488
102.5,2,56.668647
102.5,2,56.673458
102.5,2,56.678041
118.0,3,56.683933
102.5,2,56.688725
118.5,7,56.700458
118.0,3,56.706615
2.5,8,56.718808
33.0,6,56.729714
-28.5,10,56.745215
0.0,1,56.74888
2.5,8,56.761914
-58.5,16,56.784073
18.0,9,56.798714
-28.5,10,56.815154
102.5,2,56.821175
-12.5,11,56.837364
-9.666667,13,56.855803
-27.5,14,56.877336
-42.5,17,56.902158
-28.5,10,56.916959
0.0,1,56.920454
118.0,3,56.926399
102.5,2,56.931263
72.0,8,56.943775
102.5,2,56.948581
0.0,1,56.951701
123.833333,10,56.966408
118.0,3,56.972136
-73.5,19,56.999429
118.0,3,57.00613
118.0,3,57.012506
118.0,3,57.019231
2.5,8,57.031019
102.5,2,57.036647
-58.5,16,57.060035
-57.5,20,57.088952
-43.0,17,57.112468
0.0,1,57.11553
-12.5,11,57.133727
0.0,1,57.136837
-28.5,10,57.151936
-28.5,10,57.168168
118.0,3,57.175253
118.0,3,57.18149
-27.5,14,57.204857
102.5,2,57.209762
0.0,1,57.213326
102.5,2,57.217902
0.0,1,57.220952
136.833333,6,57.231152
102.5,2,57.235862
102.5,2,57.240219
33.0,6,57.250373
-43.5,13,67.150225
118.0,3,67.156724
133.5,4,67.165604
118.0,3,67.171937
133.0,3,67.178107
7.5,11,67.193352
0.0,1,67.196383
-3.0,12,67.214933
-28.5,10,67.229422
0.0,1,67.233631
-28.5,10,67.248832
32.5,14,67.269129
0.0,1,67.272637
102.5,2,67.276881
0.0,1,67.279947
118.0,3,67.285861
2.5,8,67.299643
118.0,3,67.306079
-64.666667,24,67.337788
-12.5,11,67.354623
-28.5,10,67.370015
102.5,2,67.374543
17.5,9,67.387748
0.0,1,67.390902
102.5,2,67.395586
-58.5,16,67.419221
102.5,2,67.4243
84.0,12,67.442041
102.5,2,67.446824
13.0,15,67.4694
-43.5,13,67.488252
-28.5,10,67.502614
33.0,6,67.512831
111.333333,7,67.523065
-43.5,13,67.542273
118.0,3,67.548986
0.0,1,67.552967
118.0,3,67.559161
118.0,3,67.564909
0.0,1,67.56842
-43.5,13,67.586261
2.5,8,67.599154
-28.5,10,67.6153
0.0,1,67.618491
-28.5,10,67.634537
0.0,1,67.638766
118.0,3,67.644779
118.0,3,67.650401
23.0,13,67.669273
88.0,9,67.68543
118.0,3,67.691318
133.0,3,67.698041
0.0,1,67.701232
118.0,3,67.707126
-73.0,23,67.742954
102.5,2,67.747793
102.5,2,67.753096
102.5,2,67.757576
0.0,1,67.761054
-28.5,10,67.775014
0.0,1,67.778303
2.5,8,67.789703
-9.666667,13,67.808598
118.0,3,67.815257
118.0,3,67.821531
-19.666667,15,67.844277
115.833333,7,67.855694
102.5,6,67.866302
0.0,1,67.869516
-43.5,13,67.888557
-28.5,10,67.905017
-28.5,10,67.920032
-27.5,14,67.940357
-27.5,14,67.96107
-12.5,11,67.977806
0.0,1,67.980847
0.0,1,67.984054
48.0,6,67.994439
-28.5,10,68.009016
-43.5,13,68.028232
102.5,2,68.032956
102.5,2,68.037957
102.5,2,68.042386
102.5,2,68.047031
33.0,6,68.057171
-28.5,10,68.073059
102.5,2,68.078106
2.5,8,68.091685
-28.5,10,68.107066
2.5,8,68.118934
-43.5,13,68.136535
102.5,2,68.141714
118.0,3,68.14713
-31.0,17,68.169918
0.0,1,68.1738
0.0,1,68.177121
118.0,3,68.182673
118.0,3,68.189332
118.0,3,68.195683
133.5,4,68.203619
122.5,2,68.208024
114.166667,10,68.222642
-32.5,15,68.242497
0.0,1,68.24582
0.0,1,68.24981
102.5,2,68.25404
-28.5,10,68.268997
33.5,10,68.284224
118.0,3,68.290603
2.5,8,68.30429
118.0,3,68.31005
0.0,1,68.312999
118.0,3,68.319548
102.5,2,68.324055
102.5,2,68.328721
-73.5,19,68.355275
0.0,1,68.358799
118.0,3,68.365454
-28.5,10,68.385319
0.0,1,68.388951
102.5,2,68.39337
75.333333,10,68.407535
0.0,1,68.41104
-43.5,13,68.430614
-43.5,13,68.449849
-12.5,11,68.468403
118.0,3,68.474712
102.5,2,68.47912
102.5,2,68.483579
118.0,3,68.489144
0.0,1,68.492004
118.0,3,68.498155
-28.5,10,68.513129
0.0,1,68.516328
0.0,1,68.519618
102.5,2,68.524225
118.0,3,68.530194
102.5,2,68.535006
0.0,1,68.538725
-28.5,10,68.553276
-58.5,16,68.576362
118.0,3,68.582308
0.0,1,68.585429
0.0,1,68.588536
2.5,8,68.602486
-43.5,13,68.620653
33.5,10,68.635799
118.0,3,68.641717
118.0,3,68.649035
0.0,1,68.652188
118.0,3,68.658656
118.0,3,68.664334
0.0,1,68.667818
102.5,2,68.672596
-9.666667,13,68.69049
118.0,3,68.696961
3.0,12,68.715949
102.5,2,68.720856
0.0,1,68.724124
2.5,8,68.736517
-43.5,13,68.755801
-43.5,13,68.773442
118.0,3,68.779834
2.5,8,68.791349
0.0,1,68.794536
0.0,1,68.798016
118.0,3,68.803811
0.0,1,68.806721
33.0,6,68.817253
118.0,3,68.822961
0.0,1,68.825983
118.0,3,68.832127
102.5,2,68.836578
126.0,11,68.851817
121.0,9,78.297633
173.5,5,78.307076
0.0,1,78.310298
118.0,3,78.315967
33.0,9,78.330756
118.0,3,78.337838
102.5,2,78.342426
118.0,3,78.349651
-43.5,13,78.369863
118.0,3,78.376647
102.5,2,78.381776
-43.5,13,78.400089
17.0,8,78.413145
102.5,2,78.41868
102.5,2,78.423308
121.0,9,78.439943
2.5,8,78.454173
-12.5,11,78.471595
-58.5,16,78.494567
0.0,1,78.497917
102.5,2,78.502905
0.0,1,78.506254
-28.5,10,78.523504
118.0,3,78.53035
0.0,1,78.53379
102.5,2,78.539227
118.0,3,78.545423
-43.5,13,78.564679
102.5,2,78.569206
-42.5,17,78.594336
-73.5,19,78.620222
118.0,3,78.626232
-27.5,14,78.64707
-39.666667,19,78.675986
18.0,9,78.6906
102.5,2,78.695202
0.0,1,78.698944
118.0,3,78.705968
133.0,3,78.712148
102.5,2,78.716873
102.5,2,78.721882
0.0,1,78.725604
-28.5,10,78.740267
0.0,1,78.743993
118.0,3,78.750306
0.0,1,78.754126
-2.0,13,78.775038
-28.5,10,78.789481
102.5,2,78.794391
-43.5,13,78.812827
118.0,3,78.818904
123.0,10,78.833993
102.5,2,78.83833
102.5,2,78.843027
33.5,10,78.859009
-28.5,10,78.87473
0.0,1,78.878065
102.5,2,78.882933
-2.5,9,78.896142
0.0,1,78.899726
102.5,2,78.904413
102.5,2,78.909178
-28.5,10,78.926418
-28.5,10,78.942645
118.0,3,78.949636
-28.5,10,78.965357
0.0,1,78.968794
102.5,2,78.974569
-13.0,11,78.992631
118.0,3,78.999979
102.5,2,79.006129
18.0,9,79.021347
0.0,1,79.025056
118.0,3,79.031637
0.0,1,79.035035
118.0,3,79.041541
102.5,2,79.047572
-43.5,13,79.06763
102.5,2,79.07295
102.5,2,79.078193
-28.5,10,79.095222
2.0,8,79.109067
0.0,1,79.113084
-28.5,10,79.128991
0.0,1,79.132837
0.0,1,79.1361
-28.5,10,79.151672
72.0,8,79.164266
-43.5,13,79.183472
-103.5,25,79.21855
118.0,3,79.225489
43.0,9,79.239397
-43.5,13,79.260352
118.0,3,79.267631
118.0,3,79.273855
18.0,9,79.288262
-13.0,11,79.307808
118.0,3,79.314711
102.5,2,79.319386
-12.5,11,79.335539
0.0,1,79.338772
0.0,1,79.34205
97.5,3,79.348072
118.0,3,79.354431
-39.666667,19,79.381584
0.0,1,79.384611
102.5,2,79.389247
-42.5,17,79.420283
118.5,7,79.437258
-12.5,11,79.461181
-28.5,10,79.478234
-27.5,18,79.505812
-27.5,14,79.527824
-58.5,16,79.552448
-13.0,11,79.570338
-12.5,11,79.588141
-73.5,19,79.614341
18.0,9,79.629418
-43.5,13,79.649731
-27.5,14,79.670921
118.0,3,79.676917
0.0,1,79.680381
-28.5,10,79.697076
-17.5,16,79.722005
-28.5,10,79.738079
118.0,3,79.745036
154.5,8,79.760891
118.0,3,79.767723
0.0,1,79.771492
102.5,2,79.776141
102.5,2,79.781061
0.0,1,79.784638
-28.5,10,79.801354
118.0,3,79.807955
-28.5,10,79.824759
168.5,6,79.836292
118.0,3,79.843082
118.0,3,79.849252
-28.5,10,79.864251
100.5,9,79.878202
59.5,13,79.897273
102.5,2,79.903245
-12.5,11,79.921263
102.5,2,79.926927
0.0,1,79.930756
118.0,3,79.937261
118.0,3,79.943555
-28.5,10,79.958926
118.0,3,79.965286
143.0,3,79.971555
0.0,1,79.975172
-28.5,10,79.990122
-43.5,13,80.009976
102.5,2,80.014889
-12.5,11,80.031713
102.5,2,80.037371
7.5,11,80.054331
118.0,3,80.061752
102.5,2,80.066382
102.5,2,80.071218
-12.5,11,90.573094
118.0,3,90.579268
0.0,1,90.582279
-12.5,11,90.597049
118.0,3,90.603005
97.5,7,90.614522
0.0,1,90.617239
0.0,1,90.620455
118.0,3,90.6256
0.0,1,90.628612
118.0,3,90.634072
118.0,3,90.640066
76.833333,7,90.650954
164.5,6,90.661238
102.5,2,90.665608
0.0,1,90.668812
-73.5,19,90.691984
102.5,2,90.695997
118.0,3,90.701137
0.0,1,90.704823
33.0,6,90.713866
0.0,1,90.716981
-28.5,10,90.73154
102.5,2,90.736096
128.5,5,90.744323
102.5,2,90.748494
118.0,3,90.753801
102.5,2,90.757988
118.0,3,90.763573
133.5,4,90.771183
118.0,3,90.777119
-13.0,11,90.79267
178.0,3,90.79824
102.5,2,90.802251
102.5,2,90.806694
0.0,1,90.80939
118.0,3,90.814497
48.5,7,90.825013
-43.5,13,90.841572
59.5,13,90.858706
-28.5,10,90.872446
-43.5,13,90.890818
-72.5,23,90.918942
102.5,2,90.923117
64.0,8,90.935345
133.5,4,90.94221
-24.666667,16,90.962668
143.0,3,90.968442
-2.0,13,90.985933
118.0,3,90.99105
0.0,1,90.993943
0.0,1,90.996681
-28.5,10,91.009511
-43.5,13,91.02508
102.5,2,91.029454
2.5,8,91.039835
0.0,1,91.042864
15.0,12,91.059515
118.0,3,91.064846
0.0,1,91.067672
102.5,2,91.072056
118.0,3,91.077482
118.0,3,91.083131
-25.5,16,91.103458
143.0,3,91.108832
21.0,19,91.133409
0.0,1,91.136578
102.5,2,91.140779
118.0,3,91.146564
102.5,2,91.151064
118.0,3,91.156549
102.5,2,91.16067
-28.5,10,91.174657
0.0,1,91.177702
-27.5,14,91.196363
102.5,2,91.200319
0.0,1,91.203259
118.0,3,91.208491
118.0,3,91.214191
133.0,3,91.21958
133.0,3,91.225089
132.5,7,91.235338
2.5,8,91.246082
118.0,3,91.251842
102.5,2,91.25603
118.0,3,91.261594
102.5,2,91.266068
102.5,2,91.270048
118.0,3,91.275762
143.0,3,91.281483
102.5,2,91.285915
0.0,1,91.293676
0.0,1,91.301524
0.0,1,91.314109
118.0,3,91.325818
118.0,3,91.333649
118.0,3,91.344237
118.0,3,91.351882
118.0,3,91.358797
-28.5,10,91.375101
2.5,8,91.390216
0.0,1,91.393903
0.0,1,91.397294
-28.5,10,91.412352
-28.5,10,91.427276
102.5,2,91.43208
102.5,2,91.437094
-28.5,10,91.453403
-28.5,10,91.46808
0.0,1,91.47119
98.0,7,91.48263
87.833333,12,91.500795
-28.5,10,91.516239
118.0,3,91.522305
102.5,2,91.526557
0.0,1,91.529913
0.0,1,91.533071
0.0,1,91.536531
0.0,1,91.53996
-88.5,22,91.573284
0.0,1,91.576708
85.0,12,91.593241
-43.5,13,91.610929
118.0,3,91.617576
118.0,3,91.623427
0.0,1,91.626816
-43.5,13,91.647721
0.0,1,91.651131
118.0,3,91.656939
102.5,2,91.661471
118.0,3,91.667199
102.5,2,91.672259
-73.5,19,91.695728
6.333333,14,91.71417
102.5,2,91.721429
13.0,10,91.735379
-28.5,10,91.748852
-28.5,10,91.763181
-28.5,10,91.777036
0.0,1,91.780583
102.5,2,91.78518
41.0,11,91.800145
-28.5,10,91.814749
43.0,14,91.832564
118.0,3,91.838608
2.5,8,91.850362
-12.5,11,91.86633
-12.0,15,91.887298
0.0,1,91.890212
102.5,2,91.89486
118.0,3,91.900401
0.333333,11,91.915041
-43.5,13,91.974544
0.0,1,91.978786
2.5,8,91.997735
102.5,2,92.003517
13.0,18,92.04206
118.0,3,92.106999
102.5,2,92.128939
-27.5,14,92.177261
-12.5,11,92.198976
-24.666667,16,92.224201
118.0,3,92.232693
2.5,8,92.247589
118.0,3,92.255001
-73.5,19,92.284043
0.0,1,92.28756
-34.5,22,92.344471
118.0,3,92.353806
133.5,4,92.364955
0.0,1,92.368454
0.0,1,92.373479
-28.5,10,92.39092
-29.5,21,92.422601
0.0,1,92.426138
0.0,1,92.430316
2.0,8,100.074974
-28.5,10,100.088243
0.0,1,100.091532
118.0,3,100.097132
0.0,1,100.100505
-28.5,10,100.113758
-43.5,13,100.130143
102.5,2,100.134308
133.5,4,100.142589
113.0,4,100.149576
102.5,2,100.153625
0.0,1,100.156385
13.0,13,100.172588
102.5,2,100.176691
0.611111,27,100.211436
102.5,2,100.215681
-28.5,10,100.22892
-28.5,10,100.243315
-28.5,10,100.25772
118.0,3,100.263612
2.5,8,100.275028
-28.5,10,100.288456
-28.5,10,100.301789
-58.5,16,100.323025
-28.5,10,100.337012
-28.5,10,100.350441
143.0,3,100.35569
102.5,2,100.360124
102.5,2,100.364366
16.333333,12,100.380093
-58.5,16,100.40005
0.0,1,100.40325
94.0,13,100.42004
118.0,3,100.425703
102.5,2,100.430105
118.0,3,100.435911
118.0,3,100.441253
0.0,1,100.44442
-58.5,16,100.463509
102.5,2,100.46764
33.0,11,100.481777
2.5,8,100.492763
33.0,11,100.508167
2.5,8,100.520332
-72.5,23,100.551037
122.5,2,100.555501
149.0,5,100.564536
102.5,2,100.569289
118.0,3,100.575029
3.0,12,100.591008
-28.5,10,100.606227
-20.5,15,100.629086
102.5,2,100.633543
-28.5,10,100.646443
-28.5,10,100.661878
102.5,2,100.666263
102.5,2,100.670599
118.0,3,100.676481
-28.5,10,100.689697
102.5,2,100.693954
0.0,1,100.696739
-15.5,14,100.715809
118.0,3,100.721254
102.5,2,100.725549
0.0,1,100.728458
0.0,1,100.731724
33.0,9,100.744318
102.5,2,100.748584
-28.5,10,100.761236
28.0,7,100.771926
118.0,3,100.777663
0.0,1,100.780952
-28.5,10,100.794398
0.0,1,100.797527
-58.5,16,100.81774
75.333333,10,100.831176
33.5,10,100.844615
102.5,2,100.848882
0.0,1,100.851746
118.0,3,100.857574
-9.666667,13,100.87548
0.0,1,100.878824
26.333333,10,100.897616
0.0,1,100.900708
118.0,3,100.906005
0.0,1,100.911925
102.5,2,100.91624
18.0,9,100.929351
118.0,3,100.934844
0.0,1,100.937904
-28.5,10,100.951131
0.0,1,100.954347
0.0,1,100.957446
0.0,1,100.960778
118.0,3,100.966391
-43.5,13,100.983868
-43.5,13,101.001757
102.5,2,101.006462
33.0,6,101.016221
118.0,3,101.021804
0.0,1,101.024846
118.0,3,101.030244
-43.5,13,101.046963
102.5,2,101.051157
-28.5,10,101.064599
118.0,3,101.07039
-58.5,16,101.091173
-28.5,10,101.105997
118.0,3,101.11234
102.5,2,101.116805
-28.5,10,101.130558
80.333333,9,101.142919
102.5,2,101.147323
102.5,2,101.151729
-12.5,11,101.166298
156.833333,5,101.174628
118.0,3,101.180591
0.0,1,101.183425
118.0,3,101.189034
118.0,3,101.194357
-17.0,16,101.214565
118.0,3,101.219871
102.5,2,101.223921
-43.5,13,101.240161
0.0,1,101.2431
118.0,3,101.248569
78.5,8,101.286055
118.0,3,101.292147
102.5,2,101.296816
0.0,1,101.300129
102.5,2,101.304301
102.5,2,101.308717
2.5,8,101.320142
-28.5,10,101.333033
0.0,1,101.335851
0.0,1,101.33894
2.5,8,101.349751
118.0,3,101.355061
0.0,1,101.358076
118.0,3,101.363679
-43.0,17,101.3855
-58.5,16,101.404312
0.0,1,101.407074
-28.5,10,101.420116
-28.5,10,101.433299
48.0,8,101.445167
-28.5,10,101.459214
102.5,2,101.463874
-43.5,13,101.502536
2.5,12,101.524189
118.0,3,101.530462
118.0,3,101.537136
102.5,2,101.54561
-43.5,13,101.565597
118.0,3,101.57407
118.0,3,101.580454
-28.5,10,101.595588
118.0,3,101.601329
-12.5,11,101.617709
102.5,2,101.622091
0.0,1,101.625525
118.0,3,101.631394
23.0,11,101.64679
-43.5,13,101.66529
0.0,1,101.669157
-58.5,16,109.526061
118.0,3,109.532064
118.0,3,109.537771
-103.5,25,109.56795
3.0,12,109.584764
54.0,14,109.603392
12.5,10,109.616841
118.0,3,109.622553
-42.5,17,109.643877
0.0,1,109.647205
102.5,2,109.651232
0.0,1,109.654539
3.0,12,109.67044
118.0,3,109.676268
133.5,4,109.683793
-28.5,10,109.697906
118.0,3,109.703642
-58.5,16,109.72574
-12.5,11,109.740572
-2.5,9,109.752013
0.0,1,109.754831
102.5,2,109.759047
102.5,2,109.763253
69.5,11,109.776722
33.0,6,109.78595
-28.0,14,109.804356
18.5,13,109.822417
0.0,1,109.825635
2.5,8,109.836321
59.666667,17,109.857807
102.5,2,109.862275
0.0,1,109.865762
0.0,1,109.868609
-8.0,13,109.888671
118.0,3,109.894302
102.5,2,109.898662
38.0,8,109.910444
33.0,6,109.919966
102.5,2,109.924322
-28.5,10,109.937894
0.0,1,109.940932
102.5,2,109.945076
0.0,1,109.94788
118.0,3,109.953504
118.0,3,109.959002
118.0,3,109.96415
33.5,10,109.977766
0.0,1,109.980492
-58.5,16,110.001058
118.0,3,110.006661
0.0,1,110.00964
2.5,8,110.020625
72.0,8,110.032479
0.0,1,110.035219
0.0,1,110.038427
118.0,3,110.044515
33.0,17,110.06681
102.5,2,110.070932
0.0,1,110.074071
-12.5,11,110.088797
102.5,2,110.092998
18.0,9,110.106112
-28.5,10,110.119808
33.0,11,110.140782
72.0,8,110.152839
36.833333,12,110.16855
118.0,3,110.174522
118.0,3,110.180204
48.0,8,110.190673
0.0,1,110.193559
18.0,9,110.206039
-43.5,13,110.222413
-28.5,10,110.235809
-15.5,14,110.252789
-73.5,19,110.276932
103.0,6,110.286169
-58.5,16,110.306529
118.0,3,110.312098
2.5,8,110.323193
-12.5,11,110.337081
0.0,1,110.340104
0.0,1,110.343275
102.5,2,110.34731
118.0,3,110.353025
118.0,3,110.358579
18.0,9,110.371132
118.0,3,110.376793
0.0,1,110.380067
-43.5,13,110.396694
118.0,3,110.402231
-43.5,13,110.418702
18.0,9,110.431342
118.0,3,110.436846
0.0,1,110.440141
118.0,3,110.445667
0.0,1,110.448654
-3.666667,16,110.470158
118.0,3,110.475655
18.0,9,110.488245
102.5,2,110.492484
-13.0,11,110.507892
118.0,3,110.513212
-73.5,19,110.536875
-43.5,13,110.553913
118.0,3,110.559293
118.0,3,110.565938
118.0,3,110.571087
0.0,1,110.573918
2.5,8,110.585233
102.5,2,110.589395
0.0,1,110.592174
-28.5,10,110.606081
102.5,2,110.61059
33.0,6,110.620689
118.0,3,110.626653
-28.5,10,110.641292
-28.5,10,110.655867
118.0,3,110.661393
-12.5,11,110.677094
-24.666667,16,110.698607
2.5,8,110.709892
118.0,3,110.71545
-58.5,16,110.735246
118.0,3,110.740852
-43.0,17,110.762383
118.0,3,110.768225
-28.5,10,110.780855
0.0,1,110.783821
118.0,3,110.789492
-28.5,10,110.804332
0.0,1,110.807412
102.5,2,110.811488
-43.5,13,110.829022
102.5,2,110.83321
118.0,3,110.838448
-58.5,16,110.85828
-28.5,10,110.872584
146.833333,9,110.887897
102.5,2,110.893442
-28.5,10,110.908596
-43.5,13,110.925933
0.0,1,110.929245
118.0,3,110.935156
-43.5,13,110.951909
133.0,3,110.95746
-28.5,10,110.971777
113.0,4,110.979739
0.0,1,110.983225
102.5,2,110.987862
118.0,3,110.993725
118.0,3,110.999185
0.0,1,111.002636
102.5,2,111.007174
28.0,7,111.01727
102.5,2,111.021515
80.333333,9,111.034479
102.5,2,111.038668
102.5,2,111.043045
118.0,3,111.048922
-28.5,10,118.493731
133.5,4,118.50058
102.5,2,118.50478
0.0,1,118.507639
116.333333,6,118.51751
118.0,3,118.523005
0.0,1,118.525805
-43.5,13,118.542794
-43.5,13,118.559294
0.0,1,118.562596
0.0,1,118.565937
-43.5,13,118.582717
-58.5,16,118.602972
118.0,3,118.608482
118.0,3,118.614339
102.5,2,118.618597
0.0,1,118.621879
102.5,2,118.626118
102.5,2,118.629991
118.0,3,118.635352
115.833333,7,118.644803
2.0,8,118.654881
0.0,1,118.657683
48.5,7,118.667772
0.0,1,118.670541
98.0,7,118.681145
0.0,1,118.684068
-43.5,13,118.70146
-12.5,11,118.715497
99.5,16,118.735815
144.0,6,118.745782
102.5,2,118.74998
0.0,1,118.753154
102.5,2,118.757134
0.0,1,118.7603
0.0,1,118.763474
0.0,1,118.766795
33.0,6,118.775978
118.0,3,118.781669
-28.5,10,118.795866
118.0,3,118.802159
118.0,3,118.807765
118.0,3,118.813547
88.0,9,118.826465
102.5,2,118.830713
118.0,3,118.83629
-12.5,11,118.85129
102.5,2,118.856219
0.0,1,118.860341
102.5,2,118.8653
-43.5,13,118.882512
0.0,1,118.885422
0.0,1,118.888271
0.0,1,118.891064
118.0,3,118.896839
2.5,8,118.90836
-28.5,10,118.921222
102.5,2,118.925417
102.5,2,118.929474
0.0,1,118.932635
2.5,8,118.943659
-43.5,13,118.960913
18.0,9,118.973339
0.0,1,118.976394
-27.5,14,118.993298
-28.5,10,119.007657
2.5,8,119.019484
102.5,2,119.024004
-28.5,10,119.03794
0.0,1,119.041243
0.0,1,119.044145
33.0,6,119.054652
118.0,3,119.060581
118.0,3,119.066337
118.0,3,119.071873
33.0,6,119.081629
102.5,2,119.086061
0.0,1,119.089084
18.0,9,119.102141
102.5,2,119.10646
0.0,1,119.109741
-28.5,10,119.123474
-28.5,10,119.13604
118.0,3,119.14128
0.0,1,119.144151
2.5,8,119.155173
0.0,1,119.157969
133.0,8,119.168856
-58.5,16,119.188549
0.0,1,119.191709
118.0,3,119.197309
113.0,4,119.204287
118.0,3,119.210081
74.5,14,119.22963
2.0,8,119.240578
-58.5,16,119.261065
-20.5,15,119.280536
118.0,3,119.286089
-43.5,13,119.303634
-12.5,11,119.31845
0.0,1,119.321371
118.0,3,119.326898
0.0,1,119.329713
3.0,12,119.345314
-28.5,10,119.358492
0.0,1,119.361237
-28.5,10,119.374999
118.0,3,119.380752
118.0,3,119.386444
12.0,9,119.399825
118.0,3,119.406076
-43.5,13,119.424974
115.833333,6,119.434602
133.5,4,119.44208
-28.5,10,119.45813
102.5,2,119.463066
0.0,1,119.466051
118.0,3,119.472446
118.0,3,119.478843
2.5,8,119.48987
77.833333,14,119.510034
118.0,3,119.516194
122.5,2,119.52053
18.0,9,119.533339
151.5,7,119.54441
32.5,14,119.562152
2.0,8,119.57422
118.0,3,119.580571
-43.5,13,119.597592
102.5,2,119.601804
118.0,3,119.607662
-28.5,10,119.621758
-28.5,10,119.635857
102.5,2,119.640153
75.0,14,119.658362
0.0,1,119.66118
102.5,2,119.665366
118.0,3,119.670776
-43.5,13,119.687637
-12.5,11,119.702017
108.333333,12,119.718803
0.0,1,119.72152
-43.5,13,119.738444
0.0,1,119.741251
118.0,3,119.747083
118.0,3,119.752465
102.5,2,119.75693
7.0,10,119.771504
102.5,2,119.77576
118.0,3,119.782324
-28.5,10,119.798108
102.5,2,119.804141
-88.5,22,119.841756
118.0,3,119.848519
143.0,3,119.854317
-73.5,19,119.882237
0.0,1,119.885787
118.0,3,119.892331
-28.5,10,119.906756
0.0,1,119.909773
-58.5,16,119.932059
2.5,8,119.943858
0.0,1,119.947474
33.0,6,119.959582
2.5,8,119.97184
-28.5,10,119.98652
0.0,1,119.989493
-58.5,16,120.012692
-12.5,11,120.02819
-58.5,16,120.05062
0.0,1,120.053626
-28.5,10,120.068785
102.5,2,120.073818
2.5,8,128.139046
-28.5,10,128.152727
0.0,1,128.155646
-3.0,12,128.171505
102.5,2,128.175768
-58.5,16,128.196071
-58.5,16,128.215622
102.5,2,128.219966
102.5,2,128.224521
-58.5,16,128.245004
88.0,9,128.257955
118.0,3,128.263838
118.0,3,128.269582
0.0,1,128.272432
118.0,3,128.278265
102.5,2,128.282695
102.5,2,128.287245
0.0,1,128.29132
-28.5,10,128.308195
-73.5,19,128.340326
-73.5,19,128.369443
18.0,9,128.386302
118.0,3,128.394875
0.0,1,128.399587
-43.5,13,128.419439
118.0,3,128.425668
102.5,2,128.431384
0.0,1,128.434947
102.5,2,128.439461
118.0,3,128.445771
118.0,3,128.45171
118.0,3,128.457284
-43.5,13,128.474325
-58.5,16,128.494871
-43.5,13,128.510942
-12.5,11,128.525361
118.0,3,128.53069
7.0,10,128.544084
-28.5,10,128.556884
118.0,3,128.562364
133.0,3,128.568006
26.0,15,128.588556
33.0,6,128.597733
118.0,3,128.603296
-28.5,10,128.617663
118.0,3,128.623313
0.0,1,128.626548
102.5,2,128.630919
118.0,3,128.636544
102.5,2,128.641565
-28.5,10,128.655688
102.5,2,128.660141
0.0,1,128.663055
102.5,2,128.667241
154.833333,7,128.677714
118.0,3,128.683689
80.333333,9,128.697591
0.0,1,128.701913
118.0,3,128.709977
-58.5,16,128.733197
118.0,3,128.738883
2.5,8,128.750886
118.0,3,128.757434
-12.5,11,128.773567
-28.5,10,128.786769
118.0,3,128.793198
-12.0,15,128.815372
102.5,2,128.819923
-63.0,21,128.84828
-43.5,13,128.866795
-28.5,10,128.881202
118.0,3,128.886928
102.5,2,128.892039
102.5,2,128.896762
-12.5,11,128.91397
0.0,1,128.918018
102.5,2,128.923415
2.5,8,128.937679
0.0,1,128.941071
102.5,2,128.946412
2.5,8,128.959009
-12.5,11,128.974342
102.5,2,128.979899
-24.666667,16,129.004355
118.0,3,129.011168
118.0,3,129.017118
-2.5,13,129.034154
0.0,1,129.037792
0.0,1,129.041224
13.0,15,129.061431
118.0,3,129.067452
0.0,1,129.070654
33.0,6,129.081389
0.0,1,129.084377
115.833333,7,129.09609
118.0,3,129.10191
-28.5,10,129.116672
118.0,3,129.122882
-19.666667,15,129.146087
-58.5,16,129.168198
133.0,3,129.174486
0.0,1,129.177524
143.5,12,129.194947
0.0,1,129.198519
10.5,13,129.21865
146.833333,4,129.227071
102.5,2,129.231637
102.5,2,129.236494
102.5,2,129.241206
118.0,3,129.246735
-58.5,16,129.26917
13.0,13,129.287782
103.0,13,129.314007
133.5,4,129.325232
53.0,7,129.338957
-17.0,19,129.369304
118.0,3,129.376737
102.5,2,129.384022
0.0,1,129.388968
-13.0,11,129.409565
118.0,3,129.417756
102.5,2,129.426201
102.5,2,129.432798
-17.0,16,129.458116
-28.5,10,129.473624
118.0,3,129.481543
102.5,2,129.485886
0.0,1,129.489725
0.0,1,129.494256
113.0,4,129.502551
-42.5,17,129.526373
0.0,1,129.529729
-28.0,14,129.548947
0.0,1,129.552446
118.0,3,129.558763
118.0,3,129.564639
-12.5,11,129.578868
0.0,1,129.581966
0.0,1,129.585138
2.5,8,129.598016
151.833333,6,129.607253
0.0,1,129.610014
118.0,3,129.615467
118.0,3,129.621024
118.0,3,129.62712
102.5,2,129.631589
-12.5,11,129.64657
-28.5,10,129.662406
2.5,8,129.673571
118.0,3,129.679538
102.5,2,129.683862
2.5,8,129.695625
-27.5,14,129.714865
-12.5,11,129.730715
-28.5,10,129.747052
33.0,6,129.75715
102.5,2,129.761949
118.0,3,129.767848
133.0,3,129.774066
80.333333,9,129.787728
-28.5,10,129.802704
-43.5,13,137.506938
2.0,8,137.518105
18.0,9,137.530661
-13.0,11,137.545321
118.0,3,137.550892
118.0,3,137.556512
0.0,1,137.559393
102.5,2,137.563581
102.5,2,137.567798
0.0,1,137.570523
2.5,8,137.581489
102.5,2,137.585529
0.0,1,137.588681
102.5,2,137.593148
-43.5,13,137.609903
2.5,8,137.621095
-27.5,14,137.639144
118.0,3,137.64469
118.5,7,137.654994
118.0,3,137.660756
-28.5,10,137.674364
59.5,13,137.689835
0.0,1,137.692676
80.333333,9,137.704586
118.0,3,137.709912
-28.0,14,137.729678
118.0,3,137.736098
-28.5,10,137.74907
-43.5,13,137.76566
0.0,1,137.768315
118.0,3,137.773821
3.0,12,137.790178
118.0,3,137.795457
129.0,13,137.812533
118.0,3,137.817982
-27.5,14,137.83625
-28.5,10,137.849451
0.0,1,137.852107
-88.5,22,137.880689
0.0,1,137.883836
-28.5,10,137.89697
12.5,10,137.909642
0.0,1,137.912891
18.0,9,137.925097
72.0,8,137.936654
-12.5,11,137.950717
118.0,3,137.956015
118.0,3,137.961656
118.0,3,137.966888
-12.5,11,137.981069
-28.0,14,137.997551
0.0,1,138.000763
-43.5,13,138.017048
59.5,13,138.033389
-28.5,10,138.046057
-28.5,10,138.059629
-43.5,13,138.076729
-28.5,10,138.089435
102.5,2,138.093617
102.5,2,138.098049
-28.5,10,138.111379
59.5,13,138.126762
0.0,1,138.129945
2.5,8,138.141409
118.0,3,138.147048
118.0,3,138.152443
28.0,7,138.162709
118.0,3,138.168135
118.0,3,138.173755
-28.5,10,138.186417
-43.5,13,138.203057
0.0,1,138.20622
18.0,9,138.218047
18.0,9,138.230092
-12.5,11,138.245359
118.0,3,138.251327
-88.5,22,138.278335
118.0,3,138.283593
0.0,1,138.28664
118.0,3,138.292095
118.0,3,138.297872
102.5,2,138.302066
0.0,1,138.305182
102.5,2,138.309504
0.0,1,138.312745
-43.5,13,138.329193
133.5,4,138.336418
118.0,3,138.341837
33.0,6,138.350239
-43.5,13,138.365858
0.0,1,138.368631
-15.5,14,138.387343
0.0,1,138.390643
102.5,2,138.394628
0.0,1,138.397645
118.0,3,138.403388
102.5,2,138.407719
102.5,2,138.411721
0.0,1,138.414774
-28.5,10,138.428325
118.0,3,138.43377
102.5,2,138.438258
0.0,1,138.441145
-28.5,10,138.454813
-73.5,19,138.477905
-73.5,19,138.500583
0.0,1,138.503812
102.5,2,138.507708
33.0,6,138.516428
-12.5,11,138.53097
111.333333,7,138.540932
118.0,3,138.545938
0.0,1,138.549001
-28.5,10,138.562036
118.0,3,138.567219
-73.5,19,138.588571
33.0,6,138.597661
118.0,3,138.603259
118.0,3,138.60828
0.0,1,138.611
64.833333,12,138.627018
0.0,1,138.630445
2.5,8,138.643069
0.0,1,138.646692
-28.5,10,138.660523
102.5,2,138.664762
0.0,1,138.667505
18.0,9,138.679466
-28.5,10,138.691838
0.0,1,138.694974
118.0,3,138.70068
-43.5,13,138.7163
0.0,1,138.719249
118.0,3,138.724356
-28.5,10,138.737215
0.0,1,138.740183
2.5,8,138.751284
-43.5,13,138.768894
102.5,2,138.772958
-28.5,10,138.786454
-19.666667,15,138.805067
0.0,1,138.807956
118.0,3,138.813777
103.0,6,138.823046
118.0,3,138.828188
-28.5,10,138.841718
31.333333,9,138.854061
0.0,1,138.856935
102.5,2,138.861104
133.833333,8,138.873244
133.5,4,138.880756
-28.5,10,138.89392
0.0,1,138.896825
0.0,1,138.899786
118.0,3,138.905136
118.0,3,138.910469
118.0,3,138.916056
72.0,8,138.928036
2.5,8,138.939322
-28.5,10,138.952209
118.0,3,138.957617
118.0,3,138.96294
-28.0,14,138.981145
102.5,2,138.985124
-88.5,22,146.268113
118.0,3,146.273785
118.0,3,146.279496
102.5,2,146.283579
-43.5,13,146.299912
118.0,3,146.30516
0.0,1,146.30784
100.0,9,146.319471
85.333333,8,146.331132
102.5,2,146.335669
118.0,3,146.341333
43.5,14,146.359615
2.5,8,146.371749
118.0,3,146.377306
-28.5,10,146.390642
0.0,1,146.393802
-28.5,10,146.40643
102.5,2,146.410958
2.5,8,146.42295
118.0,3,146.428477
-12.5,11,146.442942
118.0,3,146.44913
118.0,3,146.455067
-88.5,22,146.480879
0.0,1,146.484008
0.0,1,146.487193
102.5,2,146.491384
102.5,2,146.495551
-58.5,16,146.514604
0.0,1,146.517753
0.0,1,146.520488
102.5,2,146.524446
0.0,1,146.527427
-12.5,11,146.542175
69.5,11,146.557273
118.0,3,146.5631
113.0,4,146.570699
-43.5,13,146.587349
0.0,1,146.590182
-43.5,13,146.607196
-12.5,11,146.621588
102.5,2,146.625707
90.5,11,146.640849
118.0,3,146.646311
49.0,11,146.661065
-28.5,10,146.676274
0.0,1,146.67961
0.0,1,146.682887
118.0,3,146.68804
-30.5,17,146.711012
-12.5,11,146.725318
2.5,8,146.736186
102.5,2,146.740327
133.0,3,146.745742
0.0,1,146.748528
113.0,4,146.755289
-12.5,11,146.769325
102.5,2,146.773468
118.0,3,146.778982
-43.5,13,146.795108
118.0,3,146.800492
-42.5,17,146.822173
118.0,3,146.827828
2.5,8,146.839119
102.5,2,146.843335
0.0,1,146.846111
118.0,3,146.851554
102.5,2,146.855842
118.0,3,146.861416
118.0,3,146.866995
123.5,6,146.877007
-58.5,16,146.896842
2.0,11,146.911616
143.0,3,146.917268
0.0,1,146.920086
-28.5,10,146.933343
118.0,3,146.938871
0.0,1,146.941597
100.0,9,146.953622
103.5,10,146.967557
133.0,3,146.97299
21.333333,11,146.987513
118.0,3,146.992915
118.0,3,146.998758
118.0,3,147.004423
-28.5,10,147.017839
-12.5,11,147.032489
102.5,2,147.036785
2.5,8,147.049016
118.0,3,147.054233
0.0,1,147.057044
-27.5,14,147.075432
-28.5,10,147.088413
134.0,8,147.101196
102.5,2,147.105866
-12.5,11,147.120433
53.0,7,147.13031
118.0,3,147.135678
0.0,1,147.138924
0.0,1,147.141624
-28.5,10,147.154762
0.0,1,147.157837
0.0,1,147.160484
-43.5,13,147.177775
-28.5,10,147.190878
0.0,1,147.193625
0.0,1,147.196314
-28.5,10,147.209898
0.0,1,147.213044
-103.5,25,147.243957
12.0,9,147.257456
118.0,3,147.262902
0.0,1,147.2658
118.0,3,147.270938
0.0,1,147.273879
2.5,8,147.286073
-28.5,10,147.299275
-3.0,12,147.314589
0.0,1,147.317721
118.0,3,147.322992
118.0,3,147.328321
2.5,8,147.33902
102.5,2,147.343254
118.0,3,147.348623
-15.0,18,147.36983
0.0,1,147.372892
118.0,3,147.378623
0.0,1,147.381737
118.0,3,147.387424
102.5,2,147.391665
0.0,1,147.394376
0.0,1,147.397701
102.5,2,147.402012
-28.5,10,147.41655
102.5,2,147.420566
0.0,1,147.423291
31.333333,9,147.435992
118.0,3,147.441651
18.0,9,147.454091
-12.5,11,147.46823
102.5,2,147.472543
33.0,6,147.481226
102.5,2,147.48556
102.5,2,147.489678
-34.666667,18,147.511635
108.0,12,147.527179
-28.5,10,147.540261
48.5,7,147.550535
118.5,7,147.560784
-28.5,10,147.574224
0.0,1,147.576962
0.0,1,147.580145
58.0,6,147.588954
2.5,8,147.599189
0.0,1,147.602303
-12.5,11,147.616468
0.0,1,147.619122
0.0,1,147.622332
-24.666667,16,147.643418
118.0,3,147.64903
118.0,3,147.654473
0.0,1,147.657286
0.0,1,147.660059
118.0,3,147.66554
102.5,2,147.669613
-30.5,17,147.68998
-28.5,10,147.703379
33.0,6,147.713677
118.0,3,147.719373
0.0,1,147.722763
118.0,3,147.728068
102.5,2,147.732298
-28.5,10,147.745457
12.0,9,147.757178
0.0,1,147.760347
-43.5,13,155.105452
0.0,1,155.109542
-28.5,10,155.123283
57.0,11,155.13827
-12.5,11,155.152377
-43.5,13,155.168562
118.0,3,155.174098
-58.5,16,155.193433
118.0,3,155.198947
102.5,2,155.203127
118.0,3,155.208433
-12.0,15,155.226786
-29.666667,17,155.248177
102.5,2,155.252655
-28.5,10,155.266756
-13.0,11,155.282941
118.0,3,155.288254
-58.5,16,155.309666
0.0,1,155.312997
23.0,11,155.327129
102.5,2,155.331465
118.0,3,155.336817
102.5,2,155.341019
-43.5,13,155.357572
118.0,3,155.362962
118.0,3,155.368521
-43.5,13,155.385266
102.5,2,155.389678
3.0,12,155.405732
118.0,3,155.410957
-28.5,10,155.423603
118.0,3,155.429417
118.0,3,155.434841
2.0,8,155.445534
102.5,2,155.449471
0.0,1,155.452444
2.5,8,155.463554
102.5,2,155.467999
118.0,3,155.473356
-12.0,15,155.495663
0.0,1,155.498904
102.5,2,155.503453
113.0,4,155.510087
102.5,2,155.514142
118.0,3,155.519543
118.0,3,155.524888
-17.5,16,155.544466
118.0,3,155.549971
2.5,8,155.561194
151.0,15,155.579974
85.0,12,155.595258
0.0,1,155.597977
-43.5,13,155.614018
-43.5,13,155.629402
18.0,9,155.641946
0.0,1,155.644764
102.5,2,155.649162
118.0,3,155.654691
118.0,3,155.659979
118.0,3,155.665139
102.5,2,155.669274
118.0,3,155.674613
148.5,8,155.68552
2.5,8,155.696499
43.0,7,155.706322
-28.5,10,155.720636
102.5,2,155.724852
102.5,2,155.729217
-43.5,13,155.746168
71.833333,8,155.758096
102.5,2,155.762425
-28.5,10,155.775796
48.0,6,155.78448
33.0,11,155.798789
0.0,1,155.801666
102.5,2,155.805559
0.0,1,155.808338
-12.5,15,155.826102
48.0,8,155.836936
118.0,3,155.842223
0.0,1,155.845216
118.0,3,155.85069
0.0,1,155.854088
17.5,9,155.866023
33.0,6,155.875005
2.5,8,155.885458
0.0,1,155.888327
2.5,12,155.905045
118.0,3,155.910619
102.5,2,155.91457
0.0,1,155.917422
118.0,3,155.922907
2.0,8,155.934314
-28.5,10,155.94741
-28.5,10,155.959991
102.5,2,155.963926
0.0,1,155.966706
0.0,1,155.969946
-12.5,11,155.985014
-73.5,19,156.009443
0.0,1,156.012832
102.5,2,156.017061
-58.0,20,156.042751
118.0,3,156.0483
118.0,3,156.053387
-12.5,11,156.068581
118.0,3,156.074006
0.0,1,156.076927
0.0,1,156.079693
118.0,3,156.085006
164.833333,5,156.092818
98.333333,10,156.106543
0.0,1,156.109449
-43.5,13,156.125742
0.0,1,156.128663
0.0,1,156.131331
0.0,1,156.134503
102.5,2,156.138455
118.0,3,156.143561
33.0,6,156.152719
118.0,3,156.157947
0.0,1,156.161109
0.0,1,156.164298
0.0,1,156.16738
0.0,1,156.170302
-28.5,10,156.183323
158.0,8,156.194815
102.5,2,156.199369
151.833333,4,156.206277
102.5,2,156.210393
18.0,9,156.223204
118.0,3,156.228737
118.0,3,156.234292
103.0,6,156.243773
-43.5,13,156.261899
102.5,2,156.266051
133.5,4,156.27336
-28.5,10,156.28678
-28.5,10,156.30118
118.0,3,156.306598
102.5,2,156.310988
118.0,3,156.316689
118.0,3,156.322419
-28.5,10,156.335609
118.0,3,156.340797
118.0,3,156.346144
102.5,2,156.350489
118.0,3,156.356066
102.5,2,156.360257
-12.5,11,156.374848
102.5,2,156.379081
-43.5,13,156.395935
118.0,3,156.401693
118.0,3,156.40738
64.5,12,156.42395
118.0,3,156.429318
13.0,10,156.44314
118.0,3,156.448636
133.0,3,156.455042
97.5,3,156.460458
33.0,6,156.469889
133.5,4,156.477019
118.0,3,156.482818
-28.5,10,156.495512
118.0,3,156.500999
118.0,3,156.506383
121.0,9,156.518911
102.5,2,156.523089
102.5,2,156.527375
118.0,3,156.53265
19.333333,16,156.552461
0.0,1,156.555108
-73.5,19,156.579174
102.5,2,156.583408
97.5,3,156.588368
102.5,2,156.592569
118.0,3,156.597905
0.0,1,156.60094
2.5,8,156.611688
2.5,8,156.622542
102.5,2,156.626658
-43.5,13,163.972932
102.5,2,163.977553
-28.5,10,163.991134
0.0,1,163.993784
118.0,3,163.998987
102.5,2,164.003252
102.5,2,164.007695
85.333333,8,164.019396
102.5,2,164.023829
85.333333,8,164.03477
102.5,2,164.039722
133.0,3,164.045801
-28.5,10,164.059731
0.0,1,164.062431
-43.5,13,164.07924
102.5,2,164.083428
-28.5,10,164.097921
102.5,2,164.102341
2.5,8,164.113201
150.166667,9,164.125203
33.0,11,164.138563
118.0,3,164.143956
102.5,2,164.148126
118.0,3,164.153383
0.0,1,164.156437
118.0,3,164.161549
-56.333333,22,164.188883
33.0,6,164.198417
-28.5,10,164.210967
113.0,4,164.218055
118.0,3,164.223475
102.5,2,164.227349
100.5,9,164.240579
118.0,3,164.24603
102.5,2,164.249972
0.0,1,164.252919
102.5,2,164.257171
13.5,14,164.276281
2.5,8,164.287845
-13.0,11,164.303051
-8.0,13,164.31961
0.0,1,164.322674
84.833333,10,164.336219
64.5,12,164.352334
102.5,2,164.356802
-28.5,10,164.370719
118.0,3,164.376349
0.0,1,164.379155
33.0,6,164.388385
-28.5,10,164.402473
-28.5,10,164.416189
118.0,3,164.421744
118.0,3,164.427402
0.0,1,164.430659
0.0,1,164.433935
-28.5,10,164.447254
33.0,6,164.456858
-28.5,10,164.469585
0.0,1,164.472335
118.0,3,164.477893
118.0,3,164.483249
-43.5,13,164.500478
2.5,8,164.512072
-28.5,10,164.524644
-43.5,13,164.54068
118.0,3,164.546182
75.333333,10,164.559706
122.5,2,164.564033
102.5,2,164.568415
115.833333,7,164.57876
102.5,2,164.582583
-12.5,11,164.596703
0.0,1,164.599587
97.5,3,164.604898
118.0,3,164.610528
-58.5,16,164.630319
118.0,3,164.6357
102.5,2,164.639952
0.0,1,164.642993
0.0,1,164.645718
0.0,1,164.648663
2.5,8,164.660447
133.0,3,164.666009
0.0,1,164.669073
-28.5,10,164.68296
102.5,2,164.687111
-43.5,13,164.703821
-43.5,13,164.720307
118.0,3,164.725959
-28.5,10,164.739413
118.0,3,164.744819
0.0,1,164.747989
103.333333,9,164.759838
0.0,1,164.763053
2.5,8,164.774642
118.0,3,164.780239
-43.5,13,164.795646
88.0,9,164.808079
0.0,1,164.810779
0.0,1,164.813738
118.0,3,164.819085
41.833333,11,164.833558
118.0,3,164.839113
102.5,2,164.843075
0.0,1,164.846116
133.0,3,164.85139
102.5,2,164.85541
118.0,3,164.860596
118.0,3,164.866086
-43.5,13,164.882044
18.0,9,164.89412
118.0,3,164.899603
33.0,6,164.909154
102.5,2,164.913111
-43.5,13,164.930698
133.0,3,164.937153
0.0,1,164.939917
102.5,2,164.944455
118.0,3,164.950017
0.0,1,164.952819
118.0,3,164.958718
102.5,2,164.962757
118.0,3,164.968007
48.0,6,164.976497
-28.5,10,164.988675
0.0,1,164.991521
2.5,8,165.002584
0.0,1,165.005787
102.5,2,165.010081
0.0,1,165.012765
118.0,3,165.018069
0.0,1,165.02075
-42.5,17,165.043125
118.0,3,165.048571
102.5,2,165.052871
118.0,3,165.058447
12.0,9,165.071012
0.0,1,165.07406
-57.5,20,165.101223
-28.5,10,165.114429
118.0,3,165.11972
102.5,2,165.123895
-12.5,11,165.138806
118.0,3,165.144567
-28.5,10,165.158485
0.0,1,165.161267
102.5,2,165.165173
0.0,1,165.167964
102.5,2,165.171988
0.0,1,165.174929
102.5,2,165.178962
102.5,2,165.18297
0.0,1,165.185848
102.5,2,165.190039
-28.5,10,165.203461
2.5,8,165.214075
0.0,1,165.217357
33.0,6,165.22668
102.5,2,165.230833
-12.5,15,165.261662
2.5,8,165.272427
69.0,18,165.295857
116.333333,6,165.304425
0.0,1,165.307243
0.0,1,165.310102
-12.5,11,165.324413
102.5,2,165.328569
102.5,2,165.332875
103.0,6,165.342199
102.5,2,165.346731
102.5,2,165.351192
118.0,3,165.356545
0.0,1,165.359337
102.5,2,165.363379
58.0,6,165.371843
118.0,3,165.37727
-3.0,12,165.392331
143.0,3,165.397483
0.0,1,165.400586
133.0,3,165.405788
102.5,2,165.410083
102.5,2,165.414076
115.833333,7,165.424701
102.5,2,165.428845
118.0,3,165.434331
102.5,2,165.438557
118.0,3,165.443973
102.5,2,165.448287
102.5,2,165.452433
118.0,3,165.457503
102.5,2,165.461653
48.5,7,165.471789
-73.5,19,165.493959
-28.5,10,165.507022
43.833333,11,165.521748
102.5,2,165.526196
0.0,1,165.528997
-28.5,10,173.395238
193.5,6,173.405441
0.0,1,173.408335
143.0,3,173.413968
0.0,1,173.417106
102.5,2,173.421515
102.5,2,173.426279
18.0,9,173.440346
0.0,1,173.443456
48.5,7,173.454329
-39.666667,19,173.477366
102.5,2,173.481919
113.0,4,173.488619
0.0,1,173.491755
118.0,3,173.497045
-12.5,11,173.511639
118.0,3,173.516947
0.0,1,173.52029
0.0,1,173.523152
118.0,3,173.528793
102.5,2,173.532907
118.0,3,173.538383
141.0,9,173.550342
-58.0,20,173.575124
193.5,6,173.584026
-12.5,11,173.6004
102.5,2,173.604611
102.5,2,173.609081
0.0,1,173.611849
0.0,1,173.615143
146.833333,4,173.622101
118.0,3,173.627648
118.0,3,173.632985
-28.0,14,173.651538
0.0,1,173.654761
0.0,1,173.658078
102.5,2,173.662374
0.0,1,173.66512
118.0,3,173.671032
-2.0,13,173.688522
102.5,2,173.692894
5.5,14,173.710044
0.0,1,173.712803
-28.5,10,173.726075
118.0,3,173.731508
0.0,1,173.734627
102.5,2,173.738704
0.0,1,173.741383
-12.5,11,173.755394
118.0,3,173.761228
-28.5,10,173.774638
-43.5,13,173.790703
102.5,2,173.794817
118.0,3,173.800133
-28.5,10,173.813246
0.0,1,173.816477
0.0,1,173.819211
18.0,9,173.832116
118.0,3,173.837827
0.0,1,173.841501
-18.0,15,173.861142
79.5,9,173.875127
0.0,1,173.878135
102.5,2,173.883135
-43.5,13,173.901406
102.5,2,173.905813
0.0,1,173.90891
102.5,2,173.913267
75.333333,10,173.92711
-58.5,16,173.947206
0.0,1,173.950513
-12.5,11,173.966141
-73.5,19,173.990017
118.0,3,173.99598
2.5,8,174.007114
102.5,2,174.011314
118.0,3,174.017205
122.5,2,174.021415
18.0,9,174.034134
0.0,1,174.037665
102.5,2,174.042421
0.0,1,174.045807
-43.5,13,174.062274
118.0,3,174.068231
102.5,2,174.072646
118.0,3,174.078311
-28.5,10,174.092571
102.5,2,174.096936
2.5,8,174.108361
3.0,12,174.126741
102.5,2,174.130966
31.333333,9,174.142672
127.5,9,174.154113
0.0,1,174.157027
-12.5,11,174.17242
-28.5,10,174.187043
102.5,2,174.191598
118.0,3,174.197277
-12.5,11,174.213068
118.0,3,174.218857
102.5,2,174.223167
-43.5,13,174.240842
-28.5,10,174.253913
-16.5,20,174.281943
118.0,3,174.287589
102.5,2,174.291845
-43.5,13,174.308702
2.0,8,174.320858
102.5,2,174.325077
-58.5,16,174.344276
0.0,1,174.34713
0.0,1,174.350027
102.5,2,174.354246
118.0,3,174.359725
-28.0,14,174.377876
118.0,3,174.383536
23.428571,20,174.410494
0.0,1,174.413877
33.0,6,174.4233
118.0,3,174.429225
118.0,3,174.43468
102.5,2,174.438873
122.5,2,174.443209
0.0,1,174.446018
-12.5,11,174.460258
2.5,8,174.4716
102.5,2,174.476536
102.5,2,174.480981
0.0,1,174.483895
102.166667,13,174.502281
-43.5,13,174.520175
118.0,3,174.525585
64.666667,16,174.546972
64.5,12,174.562163
-52.0,26,174.592566
0.0,1,174.595889
-28.5,10,174.609085
118.0,3,174.614415
0.0,1,174.617213
12.5,10,174.629942
28.666667,19,174.656044
118.0,3,174.661492
118.0,3,174.666794
-12.0,20,174.69082
0.0,1,174.694236
102.5,2,174.698214
118.0,3,174.70387
-28.5,10,174.717047
69.5,11,174.731062
-27.5,14,174.748311
0.0,1,174.751112
102.5,2,174.75535
0.0,1,174.758245
102.5,2,174.762301
-58.5,16,174.781429
102.5,2,174.785706
143.0,3,174.791376
-28.5,10,174.804748
118.0,3,174.810321
0.0,1,174.813451
102.5,2,174.817456
115.833333,7,174.827317
118.0,3,174.832864
102.5,2,174.837096
178.5,4,174.843882
2.5,12,174.859324
0.0,1,174.86256
113.0,4,174.86988
102.5,2,174.874265
118.0,3,174.87973
-28.5,10,174.89319
0.0,1,174.896094
-43.5,13,174.913079
102.5,2,174.917092
102.5,2,174.921149
0.0,1,174.924181
3.0,12,182.622538
329.0,9,182.634461
55.833333,21,182.660225
102.5,2,182.664534
161.833333,4,182.671518
141.833333,6,182.680148
-72.5,23,182.707118
118.0,3,182.712563
118.0,3,182.717944
21.0,18,182.74113
118.0,3,182.746789
64.0,8,182.757993
102.5,2,182.762251
-43.5,13,182.779362
49.0,11,182.796205
0.0,1,182.799517
53.0,7,182.809718
2.0,8,182.821021
0.0,1,182.823766
33.0,6,182.833336
85.333333,8,182.844536
118.0,3,182.849948
118.0,3,182.855429
118.0,3,182.861056
-43.5,13,182.878041
102.5,2,182.88265
0.0,1,182.885544
102.5,2,182.890318
0.0,1,182.893278
0.0,1,182.896565
0.0,1,182.899534
-28.5,10,182.912501
118.0,3,182.918246
102.5,2,182.922439
33.0,6,182.931295
141.0,8,182.943573
-43.5,13,182.960349
102.5,2,182.964918
151.833333,4,182.972186
0.0,1,182.975247
0.0,1,182.978476
102.5,2,182.983411
0.0,1,182.986636
0.0,1,182.989484
-27.5,14,183.010003
2.5,8,183.021796
0.0,1,183.025612
102.5,2,183.02999
95.0,10,183.04559
118.0,3,183.051543
118.0,3,183.05745
102.5,2,183.061667
0.0,1,183.065027
-28.5,10,183.078912
74.833333,10,183.094706
0.0,1,183.097784
-28.5,10,183.111032
0.0,1,183.114322
0.0,1,183.117154
-43.5,13,183.133776
0.0,1,183.137225
102.5,2,183.141548
102.5,2,183.146117
102.5,2,183.150244
0.0,1,183.153046
118.0,3,183.158528
-28.5,10,183.171493
2.5,8,183.183124
102.5,2,183.187227
-28.5,10,183.201092
102.5,2,183.20508
-28.5,10,183.21916
-35.571429,22,183.248066
-28.5,10,183.262373
69.5,11,183.276894
48.5,7,183.287148
102.5,2,183.291738
59.5,13,183.308286
-8.0,13,183.325842
102.5,2,183.330077
-28.5,10,183.343702
0.0,1,183.346862
12.5,10,183.359405
0.0,1,183.362448
-28.5,10,183.376091
30.833333,10,183.38998
151.833333,4,183.397042
102.5,2,183.401241
-17.5,12,183.417008
54.166667,21,183.44542
102.5,2,183.449523
102.5,2,183.453983
3.0,12,183.469413
118.0,3,183.474933
-43.5,13,183.495135
18.0,9,183.511752
118.0,3,183.517662
0.0,1,183.520722
-43.5,13,183.537133
0.0,1,183.54053
-27.5,14,183.558228
102.5,2,183.562418
0.0,1,183.565384
2.5,8,183.576252
18.0,9,183.588961
113.5,8,183.600894
17.5,9,183.613458
-28.5,10,183.628275
107.5,11,183.645266
118.0,3,183.651109
133.0,3,183.656615
116.333333,8,183.668044
118.0,3,183.673476
0.0,1,183.676382
102.5,2,183.6803
0.0,1,183.683184
-28.5,10,183.696096
-43.5,13,183.713666
102.5,2,183.71797
18.0,9,183.730291
102.5,2,183.734579
33.0,6,183.743089
118.0,3,183.748741
59.5,13,183.766639
143.0,3,183.772309
116.333333,6,183.781052
33.0,6,183.790503
102.5,2,183.794722
118.0,3,183.80037
-58.5,16,183.822203
-12.5,11,183.837079
-28.0,14,183.855268
102.5,2,183.85992
-43.5,13,183.877235
0.0,1,183.880634
116.333333,6,183.889366
-28.5,10,183.903846
118.0,3,183.909179
0.0,1,183.912123
0.0,1,183.91575
0.0,1,183.919034
-12.5,11,183.935003
97.5,3,183.94129
-13.0,11,183.957235
102.5,2,183.961911
-43.5,13,183.978987
2.5,8,183.990412
2.5,8,184.002093
143.0,3,184.008348
-12.5,11,184.024164
118.0,3,184.030016
-28.5,10,184.043675
118.5,7,184.055441
2.5,8,184.067055
118.0,3,184.073636
118.0,3,184.079308
2.5,8,184.090956
102.5,2,184.095318
102.5,2,184.099804
102.5,2,184.104116
118.0,3,184.109882
102.5,2,184.113991
-58.5,16,184.13446
-15.5,14,184.153519
102.5,2,184.157963
0.0,1,184.160789
0.0,1,184.163995
0.0,1,184.167125
-2.0,13,191.998562
173.0,10,192.011954
-18.0,12,192.028458
15.5,12,192.045171
-2.0,13,192.064743
118.0,3,192.070943
15.5,12,192.087638
102.5,2,192.092392
118.0,3,192.098184
-43.5,13,192.114965
118.0,3,192.120664
0.0,1,192.123548
115.833333,7,192.133549
-12.5,11,192.148996
118.0,3,192.154397
2.5,8,192.165842
2.5,8,192.177368
-28.5,10,192.190617
161.833333,4,192.197422
0.0,1,192.200322
102.5,2,192.204472
2.5,8,192.215724
-12.5,11,192.230139
102.5,2,192.234343
2.5,8,192.245326
102.5,2,192.249531
188.5,7,192.258924
0.0,1,192.261994
-28.5,10,192.274542
0.0,1,192.277777
-58.5,16,192.299797
95.0,11,192.315277
118.0,3,192.320904
-12.5,11,192.337056
118.0,3,192.343276
33.666667,18,192.366873
118.0,3,192.372333
102.5,2,192.376587
-37.0,23,192.404507
118.0,3,192.409998
0.0,1,192.412702
-73.5,19,192.435666
-43.5,13,192.452027
-28.5,10,192.46597
48.5,7,192.476079
111.333333,7,192.486006
-12.5,11,192.50168
15.0,13,192.518737
-19.666667,15,192.5371
33.0,6,192.546451
118.0,3,192.551731
102.5,2,192.55589
118.0,3,192.561133
118.0,3,192.566794
102.5,2,192.570987
0.0,1,192.573685
18.0,9,192.586557
-43.5,13,192.602941
-28.5,10,192.617017
118.0,3,192.622477
7.0,10,192.634998
0.0,1,192.637923
102.5,2,192.642092
-28.5,10,192.655438
113.0,4,192.662227
-28.5,10,192.676268
0.0,1,192.679114
-12.5,11,192.693859
118.0,3,192.699016
0.0,1,192.70219
102.5,2,192.706343
-12.5,11,192.719985
0.0,1,192.723033
122.5,2,192.727424
148.0,7,192.737112
0.0,1,192.7403
-42.5,17,192.760568
0.0,1,192.763291
159.833333,6,192.772672
115.833333,7,192.835953
118.0,3,192.841387
0.0,1,192.844214
102.5,2,192.848479
-43.5,13,192.865427
129.333333,8,192.878868
-9.666667,13,192.895775
102.5,2,192.899929
118.0,3,192.905125
156.833333,5,192.913519
102.5,2,192.917936
0.0,1,192.921113
136.833333,7,192.931309
-3.0,9,192.943399
42.0,14,192.961988
118.0,3,192.967663
-28.5,10,192.980907
102.5,2,192.985299
-28.5,10,192.999169
12.5,10,193.01173
0.0,1,193.014564
118.0,3,193.0201
120.833333,6,193.029477
102.5,2,193.033627
2.5,8,193.044767
2.5,8,193.05584
0.0,1,193.058915
238.5,7,193.068963
0.0,1,193.071641
-28.5,10,193.084864
0.0,1,193.088313
118.0,3,193.094345
0.0,1,193.097774
118.0,3,193.103836
-28.5,10,193.117854
102.5,2,193.122493
0.0,1,193.125984
-43.5,13,193.144211
0.166667,19,193.172824
102.5,2,193.1783
0.0,1,193.182257
133.0,3,193.188342
118.0,3,193.193828
102.5,2,193.198983
133.5,4,193.206554
102.5,2,193.211129
111.333333,7,193.221864
-20.5,15,193.2427
0.0,1,193.246221
-28.5,10,193.26233
151.833333,4,193.269353
45.5,15,193.290562
-28.5,10,193.304574
102.5,2,193.309095
118.0,3,193.314364
13.0,10,193.328505
-58.5,16,193.355832
54.0,14,193.379009
33.0,6,193.38976
-28.5,10,193.403484
118.0,3,193.408998
-28.5,10,193.421772
0.0,1,193.42494
22.5,8,193.435679
-12.5,11,193.450186
0.0,1,193.452962
-28.5,10,193.465354
118.0,3,193.470841
-28.5,10,193.484773
2.5,8,193.498084
3.0,12,193.514012
118.0,3,193.519279
2.5,8,193.530376
-4.666667,12,193.545798
0.0,1,193.549207
118.0,3,193.554795
-3.0,12,193.570228
118.0,3,193.576067
22.5,8,201.291608
118.0,3,201.297788
102.5,2,201.301799
94.0,16,201.322589
122.5,2,201.326822
0.0,1,201.33017
118.0,3,201.335953
-12.5,11,201.350668
102.5,2,201.354797
102.5,2,201.358698
2.5,8,201.369842
10.0,18,201.392974
126.0,8,201.404706
0.0,1,201.407746
102.5,2,201.411972
22.690476,22,201.439719
95.5,10,201.452898
18.0,9,201.465106
-43.5,13,201.482507
102.5,2,201.486621
2.5,8,201.4977
2.5,8,201.508502
143.0,3,201.5143
80.333333,9,201.527225
118.0,3,201.532891
151.833333,6,201.542626
12.5,10,201.555657
43.5,19,201.580443
102.5,2,201.584746
-27.5,14,201.601959
0.0,1,201.604996
118.0,3,201.610951
-13.0,11,201.626343
69.5,11,201.640939
16.333333,12,201.656911
33.0,13,201.675907
141.833333,5,201.68396
118.0,3,201.689483
102.5,2,201.693656
102.5,2,201.697942
0.0,1,201.701057
0.0,1,201.704181
118.0,3,201.709748
102.5,2,201.714038
102.5,2,201.718254
69.5,11,201.73203
136.857143,17,201.754289
118.0,3,201.759838
-22.5,17,201.781914
-13.0,11,201.796512
102.5,2,201.800824
-43.5,13,201.816619
0.0,1,201.819502
-30.833333,21,201.846612
0.0,1,201.849472
0.0,1,201.852584
0.0,1,201.855682
118.0,3,201.861392
118.0,3,201.867233
58.0,6,201.877857
-81.571429,27,201.915946
118.0,3,201.921918
-43.5,13,201.939251
-2.5,9,201.952211
154.833333,7,201.96345
102.5,2,201.967682
0.0,1,201.970878
0.0,1,201.973761
118.0,3,201.979531
0.0,1,201.98287
97.5,3,201.988661
0.0,1,201.991497
0.0,1,201.994531
113.0,4,202.001391
102.5,2,202.00565
97.5,3,202.01099
0.0,1,202.01381
0.0,1,202.016604
118.0,3,202.022324
118.0,3,202.028318
-28.5,10,202.041173
2.5,8,202.052367
148.0,7,202.062745
64.666667,16,202.085704
-28.5,10,202.100706
143.0,3,202.107862
0.0,1,202.111877
118.0,3,202.118423
0.0,1,202.121548
88.0,9,202.135768
146.833333,4,202.144086
118.0,3,202.150168
118.0,3,202.158029
-43.5,13,202.175983
-27.0,21,202.203126
118.0,3,202.209636
102.5,2,202.214309
118.0,3,202.219561
0.0,1,202.222508
0.0,1,202.226416
102.5,2,202.230897
146.833333,4,202.23833
-7.5,10,202.252872
118.0,3,202.258971
0.0,1,202.261944
118.0,3,202.26743
102.5,2,202.272015
-28.5,10,202.286374
-28.5,10,202.301354
-43.5,13,202.319724
0.0,1,202.322569
118.0,3,202.328343
0.0,1,202.331816
118.0,3,202.337307
0.0,1,202.340517
102.5,2,202.345036
0.0,1,202.348212
-28.5,10,202.362655
17.5,9,202.375745
148.5,8,202.387535
118.0,3,202.393274
-43.5,13,202.410061
2.5,8,202.421509
-28.5,10,202.435657
-3.0,12,202.451293
-73.5,19,202.474418
0.0,1,202.477694
75.333333,10,202.490602
-28.5,10,202.504981
118.0,3,202.510525
-28.5,10,202.523389
118.0,3,202.528713
-28.5,10,202.542444
-43.5,13,202.559607
-28.5,10,202.572766
2.5,8,202.584596
102.5,2,202.589044
118.0,3,202.594912
118.0,3,202.601394
103.0,6,202.611175
118.0,3,202.617089
102.5,2,202.621376
-43.5,13,202.638766
102.5,2,202.643076
33.0,6,202.652927
0.0,1,202.655685
102.5,2,202.659719
118.0,3,202.665582
118.0,3,202.671122
48.0,8,202.681888
0.0,1,202.684582
102.5,2,202.688623
64.5,12,202.704834
-43.5,13,202.721789
102.5,2,202.72604
107.5,11,202.739761
0.0,1,202.742631
-28.5,10,202.755468
0.0,1,202.75828
-43.5,13,202.77407
0.0,1,202.777223
-58.5,16,202.798993
33.0,6,202.808605
0.0,1,202.811631
126.0,8,202.824642
118.0,3,202.830463
33.0,6,202.839802
-58.5,16,211.00115
118.0,3,211.008169
118.0,3,211.014047
2.0,8,211.026559
-28.5,10,211.041095
0.0,1,211.044167
7.0,10,211.057782
118.0,3,211.063355
12.0,9,211.075524
0.0,1,211.078735
118.0,3,211.084108
2.5,8,211.094714
43.928571,20,211.119009
118.5,7,211.130176
-28.5,10,211.144584
118.0,3,211.150291
102.5,2,211.154639
7.5,11,211.168583
0.0,1,211.171607
118.0,3,211.177063
2.5,8,211.187959
-43.5,13,211.20445
118.0,3,211.21022
-28.5,10,211.22468
-43.5,13,211.24493
-73.5,19,211.270214
2.5,8,211.281826
2.5,8,211.293586
0.0,1,211.296459
102.5,2,211.300809
118.0,3,211.310175
102.5,2,211.315398
-43.5,13,211.337014
-28.5,10,211.352632
118.0,3,211.359155
102.5,2,211.363924
-43.5,13,211.383054
8.0,14,211.401906
118.0,3,211.410267
102.5,2,211.417313
0.0,1,211.421756
0.0,1,211.42743
111.333333,7,211.439346
102.5,2,211.444218
-58.5,16,211.463547
0.0,1,211.466591
118.0,3,211.472996
133.0,3,211.478882
0.0,1,211.481999
2.5,8,211.493415
102.5,2,211.49815
2.5,8,211.50981
0.0,1,211.512857
0.0,1,211.516245
0.0,1,211.519558
0.0,1,211.522542
-28.5,10,211.537671
102.5,2,211.541827
0.0,1,211.544523
0.0,1,211.547468
102.5,2,211.551709
-12.5,11,211.56624
102.5,2,211.570889
118.0,3,211.577007
-28.5,10,211.590213
-28.5,10,211.604322
102.5,2,211.608919
113.0,4,211.616418
-58.5,16,211.638768
-12.5,11,211.655083
69.5,11,211.669468
154.666667,10,211.683881
17.0,8,211.695347
2.5,8,211.706176
122.5,2,211.710283
0.0,1,211.713591
118.0,3,211.719605
118.0,3,211.725136
102.5,2,211.729405
-28.5,10,211.74214
-28.5,10,211.756167
0.0,1,211.758984
102.5,2,211.763124
8.0,16,211.782662
113.0,4,211.789938
-28.5,10,211.802227
2.5,8,211.813355
-58.5,16,211.83327
0.0,1,211.836062
102.5,2,211.840511
102.5,2,211.84472
0.0,1,211.847808
102.5,2,211.852052
-28.5,10,211.865733
102.5,2,211.870102
-58.5,16,211.888891
0.0,1,211.892121
28.0,12,211.909327
102.5,2,211.913524
102.5,2,211.917731
2.5,8,211.928771
102.5,2,211.933076
118.0,3,211.938535
102.5,2,211.942879
118.0,3,211.948485
133.0,3,211.954167
75.333333,10,211.967881
118.0,3,211.973171
-9.666667,13,211.990812
102.5,2,211.9947
33.0,6,212.00312
0.0,1,212.005966
122.5,2,212.010019
80.333333,9,212.021905
128.5,5,212.03022
-43.5,13,212.046435
-12.5,11,212.061767
118.0,3,212.067523
105.833333,8,212.079045
102.5,2,212.082999
95.5,10,212.097536
102.5,2,212.101801
98.0,7,212.112311
-28.5,10,212.126164
0.0,1,212.128913
43.0,7,212.139417
118.0,3,212.144678
33.0,6,212.153839
102.5,2,212.157895
0.0,1,212.161105
113.0,4,212.168274
118.0,3,212.173796
-28.5,10,212.186601
0.0,1,212.189884
103.0,6,212.199367
118.0,3,212.204796
0.0,1,212.207634
15.5,12,212.222565
102.5,2,212.226543
0.0,1,212.229302
118.0,3,212.234656
0.0,1,212.237464
102.5,2,212.241497
3.0,12,212.257774
-12.5,11,212.272646
2.5,8,212.284147
-3.0,12,212.300742
102.5,2,212.305519
118.0,3,212.311469
0.0,1,212.314839
-28.5,10,212.329744
102.5,2,212.334516
172.333333,8,212.34748
0.0,1,212.350435
2.5,8,212.362827
143.0,3,212.36886
102.5,2,212.372986
-25.5,16,212.393824
-43.5,13,212.410317
102.5,2,212.414517
102.5,2,212.418724
102.5,2,212.422831
102.5,2,212.427168
102.5,2,212.431328
2.5,8,212.44307
133.0,3,212.448513
118.0,3,212.453992
-28.5,10,212.46804
0.0,1,212.47125
102.5,2,212.47561
118.0,3,212.48132
155.166667,10,212.495459
118.0,3,212.501024
-12.5,11,212.516164
118.0,3,212.521878
133.5,4,212.52948
170.166667,10,212.543025
102.5,2,212.547608
118.0,3,212.553402
143.0,8,212.564312
33.666667,18,222.308543
8.5,22,222.338973
0.0,1,222.342494
0.0,1,222.345515
0.0,1,222.348663
102.5,2,222.353006
118.0,3,222.358559
-43.5,13,222.375276
102.5,2,222.379707
-32.5,15,222.399385
118.0,3,222.405069
53.0,7,222.415289
0.0,1,222.41844
118.0,3,222.42382
102.5,2,222.428233
118.0,3,222.434254
118.5,7,222.446046
118.0,3,222.452135
30.833333,10,222.465856
0.0,1,222.468763
118.0,3,222.474237
118.0,3,222.480086
102.5,2,222.48534
0.0,1,222.488604
102.5,2,222.492971
170.166667,7,222.502986
-43.5,13,222.518759
54.0,14,222.53704
0.0,1,222.539868
-3.0,12,222.554735
17.0,8,222.56533
118.0,3,222.570853
33.0,6,222.580031
-43.5,13,222.595356
33.0,6,222.604418
-27.5,14,222.622472
97.5,3,222.628319
118.0,3,222.633844
102.5,2,222.638087
34.0,14,222.659838
102.5,2,222.664506
118.0,3,222.670423
80.333333,9,222.684979
8.0,16,222.708031
118.0,3,222.714802
0.0,1,222.717839
133.0,3,222.723382
-28.5,10,222.737112
128.833333,9,222.750133
87.0,5,222.758453
11.333333,15,222.778778
-28.5,10,222.79366
-2.5,9,222.805785
17.5,5,222.813858
2.5,8,222.825242
118.0,3,222.830849
118.5,7,222.841455
2.5,8,222.853335
102.5,2,222.8579
143.5,10,222.872359
0.0,1,222.875476
102.5,2,222.87971
-28.5,10,222.893561
143.0,3,222.899014
2.5,8,222.909578
118.0,3,222.914827
210.666667,8,222.925929
102.5,2,222.930311
70.166667,16,222.951239
102.5,2,222.955399
153.0,6,222.964294
102.5,2,222.968658
113.0,4,222.975578
156.5,6,222.985773
151.833333,6,223.02274
-28.5,10,223.060705
103.0,6,223.084747
0.0,1,223.088595
-28.5,10,223.109506
0.0,1,223.113962
118.0,3,223.120439
-43.5,13,223.139158
97.5,3,223.145395
-28.5,10,223.159819
-28.5,10,223.173903
28.5,11,223.191762
2.5,8,223.203926
128.0,4,223.211577
113.0,4,223.219914
102.5,2,223.225599
0.0,1,223.228736
-73.5,19,223.286529
118.0,3,223.297034
-2.5,9,223.311003
102.5,2,223.315281
-27.0,18,223.340564
102.5,2,223.345636
102.5,2,223.350978
0.0,1,223.354323
44.0,16,223.375929
-42.5,17,223.400753
0.0,1,223.407031
53.0,7,223.421261
2.5,8,223.436163
118.0,3,223.442188
141.833333,6,223.451568
76.5,17,223.4721
111.333333,7,223.482456
0.0,1,223.485345
0.0,1,223.488544
118.0,3,223.49416
146.833333,4,223.500943
-28.5,10,223.515693
118.0,3,223.521358
118.0,3,223.527235
102.5,2,223.531471
0.0,1,223.534339
118.0,3,223.540498
18.0,9,223.553799
102.5,2,223.558329
143.0,3,223.588334
33.0,6,223.678992
124.166667,10,223.750086
-24.666667,16,223.802975
110.833333,8,223.832034
0.0,1,223.83975
81.333333,15,223.86591
105.5,12,223.886026
0.0,1,223.890156
90.5,11,223.912403
106.333333,8,223.931787
85.333333,8,223.950888
44.0,16,223.980297
118.0,3,223.994352
7.5,11,224.014568
102.5,2,224.020921
18.0,9,224.037124
118.0,3,224.048292
144.0,6,224.064124
102.5,2,224.069239
125.666667,12,224.090122
-2.5,9,224.104194
118.0,3,224.110349
118.0,3,224.116315
102.5,2,224.120803
-28.5,10,224.136948
0.0,1,224.140547
116.333333,6,224.152038
22.5,8,224.164113
102.5,2,224.168857
106.333333,8,224.184339
33.0,6,224.195702
102.5,2,224.201112
118.0,3,224.207202
-4.666667,12,224.223642
118.0,3,224.229562
102.5,2,224.234911
120.5,9,224.248952
118.0,3,224.25489
146.833333,5,224.262653
102.5,2,224.26715
146.833333,4,224.274229
85.333333,8,224.285358
0.0,1,224.288742
73.0,16,224.31196
